context	n_SNP	causal_rsid	eqtl_z	gwas_delta	gwas_OR	gwas_z_at_causal	power_pph4_ge_0_8	power_pph4_ge_0_5	median_pph4
OneK1K_B_naive	1988	rs57552003	4.5352686718318616	0.0	1.0	0.0	0.00025	0.00075	0.005504629321074091
OneK1K_B_naive	1988	rs57552003	4.5352686718318616	0.01	1.010050167084168	0.8403361344537815	0.00025	0.003	0.005785832005074136
OneK1K_B_naive	1988	rs57552003	4.5352686718318616	0.02	1.0202013400267558	1.680672268907563	0.0125	0.029	0.007852029998977748
OneK1K_B_naive	1988	rs57552003	4.5352686718318616	0.03	1.030454533953517	2.5210084033613445	0.07	0.13625	0.022478820899536473
OneK1K_B_naive	1988	rs57552003	4.5352686718318616	0.05	1.0512710963760241	4.201680672268908	0.50825	0.633	0.8123867694632592
OneK1K_B_naive	1988	rs57552003	4.5352686718318616	0.08	1.0832870676749586	6.722689075630252	0.86025	0.94	0.9960636204127797
OneK1K_B_naive	1988	rs57552003	4.5352686718318616	0.12	1.1274968515793757	10.084033613445378	0.8675	0.94425	0.997199520667313
OneK1K_B_naive	1988	rs57552003	4.5352686718318616	0.2	1.2214027581601699	16.80672268907563	0.87325	0.94525	0.9971786134519272
OneK1K_B_memory	1988	rs55760172	3.2750189383105126	0.0	1.0	0.0	0.0	0.00025	0.004302735015188831
OneK1K_B_memory	1988	rs55760172	3.2750189383105126	0.01	1.010050167084168	0.6535947712418301	0.0	0.00025	0.004385138485216728
OneK1K_B_memory	1988	rs55760172	3.2750189383105126	0.02	1.0202013400267558	1.3071895424836601	0.0005	0.00375	0.0045805690586243255
OneK1K_B_memory	1988	rs55760172	3.2750189383105126	0.03	1.030454533953517	1.9607843137254901	0.00575	0.016	0.004882534701306408
OneK1K_B_memory	1988	rs55760172	3.2750189383105126	0.05	1.0512710963760241	3.2679738562091507	0.072	0.12375	0.012081189284265633
OneK1K_B_memory	1988	rs55760172	3.2750189383105126	0.08	1.0832870676749586	5.228758169934641	0.36375	0.52725	0.5535060274378356
OneK1K_B_memory	1988	rs55760172	3.2750189383105126	0.12	1.1274968515793757	7.8431372549019605	0.47975	0.67375	0.7715935656821624
OneK1K_B_memory	1988	rs55760172	3.2750189383105126	0.2	1.2214027581601699	13.071895424836603	0.47875	0.6705	0.7738410785072785
OneK1K_B_intermediate	1987	rs77778050	-2.880288212303194	0.0	1.0	0.0	0.0	0.0	0.00411753160627969
OneK1K_B_intermediate	1987	rs77778050	-2.880288212303194	0.01	1.010050167084168	0.198019801980198	0.0	0.0	0.004107261367154981
OneK1K_B_intermediate	1987	rs77778050	-2.880288212303194	0.02	1.0202013400267558	0.396039603960396	0.00025	0.0005	0.0041094880261211145
OneK1K_B_intermediate	1987	rs77778050	-2.880288212303194	0.03	1.030454533953517	0.594059405940594	0.0	0.0	0.00413172251232425
OneK1K_B_intermediate	1987	rs77778050	-2.880288212303194	0.05	1.0512710963760241	0.9900990099009901	0.0	0.0	0.004206869814832974
OneK1K_B_intermediate	1987	rs77778050	-2.880288212303194	0.08	1.0832870676749586	1.584158415841584	0.0	0.00125	0.0043617736311328805
OneK1K_B_intermediate	1987	rs77778050	-2.880288212303194	0.12	1.1274968515793757	2.376237623762376	0.00475	0.01	0.004896245242501939
OneK1K_B_intermediate	1987	rs77778050	-2.880288212303194	0.2	1.2214027581601699	3.9603960396039604	0.0455	0.11725	0.03627922653756084
GTEx_v10_blood	2249	rs10256877	-10.345289296437556	0.0	1.0	0.0	0.00025	0.00075	0.008088123656596353
GTEx_v10_blood	2249	rs10256877	-10.345289296437556	0.01	1.010050167084168	0.6993006993006993	0.0025	0.00575	0.009214647728264688
GTEx_v10_blood	2249	rs10256877	-10.345289296437556	0.02	1.0202013400267558	1.3986013986013985	0.01325	0.0345	0.016984135403203184
GTEx_v10_blood	2249	rs10256877	-10.345289296437556	0.03	1.030454533953517	2.097902097902098	0.06575	0.14375	0.05494704234789188
GTEx_v10_blood	2249	rs10256877	-10.345289296437556	0.05	1.0512710963760241	3.4965034965034967	0.45175	0.6145	0.7288127692865232
GTEx_v10_blood	2249	rs10256877	-10.345289296437556	0.08	1.0832870676749586	5.594405594405594	0.977	0.99275	0.9999727955716584
GTEx_v10_blood	2249	rs10256877	-10.345289296437556	0.12	1.1274968515793757	8.391608391608392	1.0	1.0	0.9999999999998787
GTEx_v10_blood	2249	rs10256877	-10.345289296437556	0.2	1.2214027581601699	13.986013986013987	1.0	1.0	1.0
GTEx_v10_kidney_cortex	1736	rs4476914	8.724536424123881	0.0	1.0	0.0	0.0	0.00175	0.010493289907939234
GTEx_v10_kidney_cortex	1736	rs4476914	8.724536424123881	0.01	1.010050167084168	0.5524861878453038	0.00125	0.0065	0.01154434800718748
GTEx_v10_kidney_cortex	1736	rs4476914	8.724536424123881	0.02	1.0202013400267558	1.1049723756906076	0.006	0.02225	0.01604712744712735
GTEx_v10_kidney_cortex	1736	rs4476914	8.724536424123881	0.03	1.030454533953517	1.6574585635359114	0.03625	0.07825	0.03205113946648229
GTEx_v10_kidney_cortex	1736	rs4476914	8.724536424123881	0.05	1.0512710963760241	2.7624309392265194	0.237	0.37025	0.2784339591961528
GTEx_v10_kidney_cortex	1736	rs4476914	8.724536424123881	0.08	1.0832870676749586	4.41988950276243	0.81025	0.9035	0.9925901661521104
GTEx_v10_kidney_cortex	1736	rs4476914	8.724536424123881	0.12	1.1274968515793757	6.6298342541436455	0.9995	1.0	0.9999999121479828
GTEx_v10_kidney_cortex	1736	rs4476914	8.724536424123881	0.2	1.2214027581601699	11.049723756906078	1.0	1.0	0.9999999999839162
