gene	ensg	dataset	dataset_desc	top_variant	chr_pos	beta	p_perm	p_beta	call
C1GALT1	ENSG00000106392	OneK1K_B_naive	B naive	chr7_7183473_G_A	7:7183473	0.181132	0.017982	0.0173183	sig
C1GALT1	ENSG00000106392	OneK1K_B_memory	B memory	chr7_7805176_A_T	7:7805176	0.504147	0.54046	0.533552	nominal
C1GALT1	ENSG00000106392	OneK1K_B_intermediate	B intermediate	chr7_6645951_G_A	7:6645951	-0.455015	0.863137	0.853665	nominal
C1GALT1	ENSG00000106392	GTEx_v10_blood	GTEx v10 blood (Whole_Blood)	chr7_7223408_C_G	7:7223408	-0.507322	0.000999001	6.98189e-18	sig
C1GALT1	ENSG00000106392	GTEx_v10_kidney_cortex	GTEx v10 kidney cortex	chr7_7182144_C_T	7:7182144	0.944385	0.000999001	4.42597e-08	sig
C1GALT1C1	ENSG00000171155	OneK1K_B_naive	B naive			NA	NA	NA	no-hit
C1GALT1C1	ENSG00000171155	OneK1K_B_memory	B memory			NA	NA	NA	no-hit
C1GALT1C1	ENSG00000171155	OneK1K_B_intermediate	B intermediate			NA	NA	NA	no-hit
C1GALT1C1	ENSG00000171155	GTEx_v10_blood	GTEx v10 blood (Whole_Blood)	chrX_120569424_C_G	X:120569424	-0.135818	0.425574	0.427393	nominal
C1GALT1C1	ENSG00000171155	GTEx_v10_kidney_cortex	GTEx v10 kidney cortex	chrX_121085618_A_G	X:121085618	0.284341	0.863137	0.870736	nominal
GALNT2	ENSG00000143641	OneK1K_B_naive	B naive	chr1_230279547_C_T	1:230279547	0.284146	0.000999001	1.6348e-06	sig
GALNT2	ENSG00000143641	OneK1K_B_memory	B memory	chr1_230091347_T_G	1:230091347	0.179883	0.784216	0.777982	nominal
GALNT2	ENSG00000143641	OneK1K_B_intermediate	B intermediate	chr1_229922968_G_A	1:229922968	0.801627	0.357642	0.355689	nominal
GALNT2	ENSG00000143641	GTEx_v10_blood	GTEx v10 blood (Whole_Blood)	chr1_230529311_T_C	1:230529311	0.0959936	0.515485	0.507354	nominal
GALNT2	ENSG00000143641	GTEx_v10_kidney_cortex	GTEx v10 kidney cortex	chr1_231049260_C_T	1:231049260	-0.374608	0.163836	0.147949	nominal
GALNT12	ENSG00000119514	OneK1K_B_naive	B naive			NA	NA	NA	no-hit
GALNT12	ENSG00000119514	OneK1K_B_memory	B memory			NA	NA	NA	no-hit
GALNT12	ENSG00000119514	OneK1K_B_intermediate	B intermediate			NA	NA	NA	no-hit
GALNT12	ENSG00000119514	GTEx_v10_blood	GTEx v10 blood (Whole_Blood)	chr9_99691091_AT_A	9:99691091	0.527682	0.033966	0.0342331	sig
GALNT12	ENSG00000119514	GTEx_v10_kidney_cortex	GTEx v10 kidney cortex	chr9_99315366_C_T	9:99315366	0.444929	0.406593	0.394643	nominal
ST6GALNAC2	ENSG00000070731	OneK1K_B_naive	B naive			NA	NA	NA	no-hit
ST6GALNAC2	ENSG00000070731	OneK1K_B_memory	B memory			NA	NA	NA	no-hit
ST6GALNAC2	ENSG00000070731	OneK1K_B_intermediate	B intermediate			NA	NA	NA	no-hit
ST6GALNAC2	ENSG00000070731	GTEx_v10_blood	GTEx v10 blood (Whole_Blood)	chr17_76575845_C_G	17:76575845	0.211095	0.000999001	2.03679e-15	sig
ST6GALNAC2	ENSG00000070731	GTEx_v10_kidney_cortex	GTEx v10 kidney cortex	chr17_76566488_C_T	17:76566488	-0.570681	0.116883	0.123763	nominal
