gene	ensg	dataset	dataset_desc	n_individuals	top_variant	chr	pos	beta	p_nominal_top	p_perm	p_beta
GALNT2	ENSG00000143641	OneK1K_B_naive	B naive	876	chr1_230279547_C_T	1	230279547	0.284146	4.82487e-10	0.000999001	1.6348e-06
C1GALT1	ENSG00000106392	OneK1K_B_naive	B naive	876	chr7_7183473_G_A	7	7183473	0.181132	6.40021e-06	0.017982	0.0173183
GALNT2	ENSG00000143641	OneK1K_B_memory	B memory	726	chr1_230091347_T_G	1	230091347	0.179883	0.000923807	0.784216	0.777982
C1GALT1	ENSG00000106392	OneK1K_B_memory	B memory	726	chr7_7805176_A_T	7	7805176	0.504147	0.000411696	0.54046	0.533552
GALNT2	ENSG00000143641	OneK1K_B_intermediate	B intermediate	618	chr1_229922968_G_A	1	229922968	0.801627	0.000247626	0.357642	0.355689
C1GALT1	ENSG00000106392	OneK1K_B_intermediate	B intermediate	618	chr7_6645951_G_A	7	6645951	-0.455015	0.00120251	0.863137	0.853665
C1GALT1C1	ENSG00000171155	GTEx_v10_blood	GTEx v10 blood (Whole_Blood)	853	chrX_120569424_C_G	X	120569424	-0.135818	0.000306396	0.425574	0.427393
GALNT2	ENSG00000143641	GTEx_v10_blood	GTEx v10 blood (Whole_Blood)	853	chr1_230529311_T_C	1	230529311	0.0959936	0.000325616	0.515485	0.507354
C1GALT1	ENSG00000106392	GTEx_v10_blood	GTEx v10 blood (Whole_Blood)	853	chr7_7223408_C_G	7	7223408	-0.507322	1.61922e-22	0.000999001	6.98189e-18
GALNT12	ENSG00000119514	GTEx_v10_blood	GTEx v10 blood (Whole_Blood)	853	chr9_99691091_AT_A	9	99691091	0.527682	8.65593e-06	0.033966	0.0342331
ST6GALNAC2	ENSG00000070731	GTEx_v10_blood	GTEx v10 blood (Whole_Blood)	853	chr17_76575845_C_G	17	76575845	0.211095	1.30899e-20	0.000999001	2.03679e-15
C1GALT1C1	ENSG00000171155	GTEx_v10_kidney_cortex	GTEx v10 kidney cortex	106	chrX_121085618_A_G	X	121085618	0.284341	0.0045167	0.863137	0.870736
GALNT2	ENSG00000143641	GTEx_v10_kidney_cortex	GTEx v10 kidney cortex	106	chr1_231049260_C_T	1	231049260	-0.374608	0.000128249	0.163836	0.147949
C1GALT1	ENSG00000106392	GTEx_v10_kidney_cortex	GTEx v10 kidney cortex	106	chr7_7182144_C_T	7	7182144	0.944385	2.89537e-12	0.000999001	4.42597e-08
GALNT12	ENSG00000119514	GTEx_v10_kidney_cortex	GTEx v10 kidney cortex	106	chr9_99315366_C_T	9	99315366	0.444929	0.000598477	0.406593	0.394643
ST6GALNAC2	ENSG00000070731	GTEx_v10_kidney_cortex	GTEx v10 kidney cortex	106	chr17_76566488_C_T	17	76566488	-0.570681	9.90669e-05	0.116883	0.123763
