lead_rsid	lead_chr	lead_pos	lead_gene_symbol	dataset	dataset_qtd	eQTL_gene_id	eQTL_gene_symbol	pvalue	beta	se	maf	rsid_col	variant	LD_r2
rs13226913	7	7207215	C1GALT1	GTEx_v10_kidney_cortex	QTD000261	ENSG00000008256		0.0858886	-0.191999	0.109887	0.486301	rs13226913	chr7_7207215_T_C	NA
rs13226913	7	7207215	C1GALT1	GTEx_v10_kidney_cortex	QTD000261	ENSG00000106392	C1GALT1	1.9062e-05	0.558417	0.119872	0.486301	rs13226913	chr7_7207215_T_C	NA
rs13226913	7	7207215	C1GALT1	GTEx_v10_kidney_cortex	QTD000261	ENSG00000106399		0.0753391	-0.131173	0.0724359	0.486301	rs13226913	chr7_7207215_T_C	NA
rs13226913	7	7207215	C1GALT1	GTEx_v10_kidney_cortex	QTD000261	ENSG00000106415		0.149765	-0.188889	0.129401	0.486301	rs13226913	chr7_7207215_T_C	NA
rs13226913	7	7207215	C1GALT1	GTEx_v10_kidney_cortex	QTD000261	ENSG00000136238		0.18435	-0.15137	0.11267	0.486301	rs13226913	chr7_7207215_T_C	NA
rs13226913	7	7207215	C1GALT1	GTEx_v10_kidney_cortex	QTD000261	ENSG00000136240		0.311748	0.124883	0.122379	0.486301	rs13226913	chr7_7207215_T_C	NA
rs13226913	7	7207215	C1GALT1	GTEx_v10_kidney_cortex	QTD000261	ENSG00000136247		0.553325	0.0574773	0.0963974	0.486301	rs13226913	chr7_7207215_T_C	NA
rs13226913	7	7207215	C1GALT1	GTEx_v10_kidney_cortex	QTD000261	ENSG00000146574		0.902613	0.0186047	0.151383	0.486301	rs13226913	chr7_7207215_T_C	NA
rs13226913	7	7207215	C1GALT1	GTEx_v10_kidney_cortex	QTD000261	ENSG00000146576		0.785197	0.0290016	0.105915	0.486301	rs13226913	chr7_7207215_T_C	NA
rs13226913	7	7207215	C1GALT1	GTEx_v10_kidney_cortex	QTD000261	ENSG00000164535		0.102568	0.221904	0.133779	0.486301	rs13226913	chr7_7207215_T_C	NA
rs13226913	7	7207215	C1GALT1	GTEx_v10_kidney_cortex	QTD000261	ENSG00000164631		0.920724	0.00887851	0.0888242	0.486301	rs13226913	chr7_7207215_T_C	NA
rs13226913	7	7207215	C1GALT1	GTEx_v10_kidney_cortex	QTD000261	ENSG00000164654		0.931446	0.010545	0.122049	0.486301	rs13226913	chr7_7207215_T_C	NA
rs13226913	7	7207215	C1GALT1	GTEx_v10_kidney_cortex	QTD000261	ENSG00000178397		0.840039	-0.0205572	0.101391	0.486301	rs13226913	chr7_7207215_T_C	NA
rs13226913	7	7207215	C1GALT1	GTEx_v10_kidney_cortex	QTD000261	ENSG00000205903		0.189744	0.18404	0.1387	0.486301	rs13226913	chr7_7207215_T_C	NA
rs13226913	7	7207215	C1GALT1	GTEx_v10_kidney_cortex	QTD000261	ENSG00000215018		0.129691	0.219156	0.142571	0.486301	rs13226913	chr7_7207215_T_C	NA
rs13226913	7	7207215	C1GALT1	GTEx_v10_kidney_cortex	QTD000261	ENSG00000215045		0.148616	0.168862	0.11535	0.486301	rs13226913	chr7_7207215_T_C	NA
rs13226913	7	7207215	C1GALT1	GTEx_v10_kidney_cortex	QTD000261	ENSG00000219545		0.112662	-0.138297	0.0858584	0.486301	rs13226913	chr7_7207215_T_C	NA
rs13226913	7	7207215	C1GALT1	GTEx_v10_kidney_cortex	QTD000261	ENSG00000227719		0.511838	0.0980476	0.148547	0.486301	rs13226913	chr7_7207215_T_C	NA
rs13226913	7	7207215	C1GALT1	GTEx_v10_kidney_cortex	QTD000261	ENSG00000230825		0.40949	-0.110509	0.133014	0.486301	rs13226913	chr7_7207215_T_C	NA
rs13226913	7	7207215	C1GALT1	GTEx_v10_kidney_cortex	QTD000261	ENSG00000233108		0.00843836	-0.434236	0.15923	0.486301	rs13226913	chr7_7207215_T_C	NA
rs13226913	7	7207215	C1GALT1	GTEx_v10_kidney_cortex	QTD000261	ENSG00000234141		0.465977	-0.104669	0.142623	0.486301	rs13226913	chr7_7207215_T_C	NA
rs13226913	7	7207215	C1GALT1	GTEx_v10_kidney_cortex	QTD000261	ENSG00000236609		0.865203	-0.0189272	0.111004	0.486301	rs13226913	chr7_7207215_T_C	NA
rs13226913	7	7207215	C1GALT1	GTEx_v10_kidney_cortex	QTD000261	ENSG00000272732		0.101674	0.242216	0.145635	0.486301	rs13226913	chr7_7207215_T_C	NA
rs13226913	7	7207215	C1GALT1	GTEx_v10_kidney_cortex	QTD000261	ENSG00000272745		0.389915	-0.120517	0.139123	0.486301	rs13226913	chr7_7207215_T_C	NA
rs13226913	7	7207215	C1GALT1	GTEx_v10_kidney_cortex	QTD000261	ENSG00000272894		0.466757	0.120637	0.164671	0.486301	rs13226913	chr7_7207215_T_C	NA
rs10238682	7	7215386	C1GALT1	GTEx_v10_kidney_cortex	QTD000261	ENSG00000008256		0.929002	-0.0113395	0.126714	0.280822	rs10238682	chr7_7215386_A_G	NA
rs10238682	7	7215386	C1GALT1	GTEx_v10_kidney_cortex	QTD000261	ENSG00000106392	C1GALT1	2.99947e-11	0.880639	0.10759	0.280822	rs10238682	chr7_7215386_A_G	NA
rs10238682	7	7215386	C1GALT1	GTEx_v10_kidney_cortex	QTD000261	ENSG00000106399		0.314786	-0.0841196	0.0829567	0.280822	rs10238682	chr7_7215386_A_G	NA
rs10238682	7	7215386	C1GALT1	GTEx_v10_kidney_cortex	QTD000261	ENSG00000106415		0.4264	-0.117975	0.147284	0.280822	rs10238682	chr7_7215386_A_G	NA
rs10238682	7	7215386	C1GALT1	GTEx_v10_kidney_cortex	QTD000261	ENSG00000136238		0.0352717	-0.266735	0.123737	0.280822	rs10238682	chr7_7215386_A_G	NA
rs10238682	7	7215386	C1GALT1	GTEx_v10_kidney_cortex	QTD000261	ENSG00000136240		0.226803	0.167399	0.137033	0.280822	rs10238682	chr7_7215386_A_G	NA
rs10238682	7	7215386	C1GALT1	GTEx_v10_kidney_cortex	QTD000261	ENSG00000136247		0.840532	0.0219591	0.108645	0.280822	rs10238682	chr7_7215386_A_G	NA
rs10238682	7	7215386	C1GALT1	GTEx_v10_kidney_cortex	QTD000261	ENSG00000146574		0.0489996	0.330862	0.16454	0.280822	rs10238682	chr7_7215386_A_G	NA
rs10238682	7	7215386	C1GALT1	GTEx_v10_kidney_cortex	QTD000261	ENSG00000146576		0.961408	0.00578899	0.119125	0.280822	rs10238682	chr7_7215386_A_G	NA
rs10238682	7	7215386	C1GALT1	GTEx_v10_kidney_cortex	QTD000261	ENSG00000164535		0.280316	0.16602	0.152342	0.280822	rs10238682	chr7_7215386_A_G	NA
rs10238682	7	7215386	C1GALT1	GTEx_v10_kidney_cortex	QTD000261	ENSG00000164631		0.319678	0.0993613	0.0989921	0.280822	rs10238682	chr7_7215386_A_G	NA
rs10238682	7	7215386	C1GALT1	GTEx_v10_kidney_cortex	QTD000261	ENSG00000164654		0.936517	0.0109741	0.137186	0.280822	rs10238682	chr7_7215386_A_G	NA
rs10238682	7	7215386	C1GALT1	GTEx_v10_kidney_cortex	QTD000261	ENSG00000178397		0.897876	0.0146941	0.113989	0.280822	rs10238682	chr7_7215386_A_G	NA
rs10238682	7	7215386	C1GALT1	GTEx_v10_kidney_cortex	QTD000261	ENSG00000205903		0.0784035	0.275994	0.154043	0.280822	rs10238682	chr7_7215386_A_G	NA
rs10238682	7	7215386	C1GALT1	GTEx_v10_kidney_cortex	QTD000261	ENSG00000215018		0.568254	-0.093558	0.163021	0.280822	rs10238682	chr7_7215386_A_G	NA
rs10238682	7	7215386	C1GALT1	GTEx_v10_kidney_cortex	QTD000261	ENSG00000215045		0.876189	0.0206569	0.132	0.280822	rs10238682	chr7_7215386_A_G	NA
rs10238682	7	7215386	C1GALT1	GTEx_v10_kidney_cortex	QTD000261	ENSG00000219545		0.0891566	-0.166304	0.0961933	0.280822	rs10238682	chr7_7215386_A_G	NA
rs10238682	7	7215386	C1GALT1	GTEx_v10_kidney_cortex	QTD000261	ENSG00000227719		0.503438	0.112401	0.166943	0.280822	rs10238682	chr7_7215386_A_G	NA
rs10238682	7	7215386	C1GALT1	GTEx_v10_kidney_cortex	QTD000261	ENSG00000230825		0.0838887	-0.257732	0.14654	0.280822	rs10238682	chr7_7215386_A_G	NA
rs10238682	7	7215386	C1GALT1	GTEx_v10_kidney_cortex	QTD000261	ENSG00000233108		0.186504	-0.250308	0.187243	0.280822	rs10238682	chr7_7215386_A_G	NA
rs10238682	7	7215386	C1GALT1	GTEx_v10_kidney_cortex	QTD000261	ENSG00000234141		0.287329	-0.171255	0.159475	0.280822	rs10238682	chr7_7215386_A_G	NA
rs10238682	7	7215386	C1GALT1	GTEx_v10_kidney_cortex	QTD000261	ENSG00000236609		0.859548	0.022176	0.124768	0.280822	rs10238682	chr7_7215386_A_G	NA
rs10238682	7	7215386	C1GALT1	GTEx_v10_kidney_cortex	QTD000261	ENSG00000272732		0.501917	0.112773	0.166898	0.280822	rs10238682	chr7_7215386_A_G	NA
rs10238682	7	7215386	C1GALT1	GTEx_v10_kidney_cortex	QTD000261	ENSG00000272745		0.793837	0.0412948	0.157291	0.280822	rs10238682	chr7_7215386_A_G	NA
rs10238682	7	7215386	C1GALT1	GTEx_v10_kidney_cortex	QTD000261	ENSG00000272894		0.80843	-0.0452661	0.185851	0.280822	rs10238682	chr7_7215386_A_G	NA
rs7856182	9	98871030	GALNT12	GTEx_v10_kidney_cortex	QTD000261	ENSG00000095380		0.655789	0.0745271	0.166338	0.136986	rs7856182	chr9_98871030_C_T	NA
rs7856182	9	98871030	GALNT12	GTEx_v10_kidney_cortex	QTD000261	ENSG00000095383		0.575929	0.140168	0.249178	0.136986	rs7856182	chr9_98871030_C_T	NA
rs7856182	9	98871030	GALNT12	GTEx_v10_kidney_cortex	QTD000261	ENSG00000106785		0.770716	-0.0460002	0.157102	0.136986	rs7856182	chr9_98871030_C_T	NA
rs7856182	9	98871030	GALNT12	GTEx_v10_kidney_cortex	QTD000261	ENSG00000106789		0.382157	-0.179581	0.203925	0.136986	rs7856182	chr9_98871030_C_T	NA
rs7856182	9	98871030	GALNT12	GTEx_v10_kidney_cortex	QTD000261	ENSG00000106799		0.950964	-0.0141541	0.229169	0.136986	rs7856182	chr9_98871030_C_T	NA
rs7856182	9	98871030	GALNT12	GTEx_v10_kidney_cortex	QTD000261	ENSG00000106803		0.00576424	0.652748	0.227664	0.136986	rs7856182	chr9_98871030_C_T	NA
rs7856182	9	98871030	GALNT12	GTEx_v10_kidney_cortex	QTD000261	ENSG00000119508		0.913868	0.0216809	0.199579	0.136986	rs7856182	chr9_98871030_C_T	NA
rs7856182	9	98871030	GALNT12	GTEx_v10_kidney_cortex	QTD000261	ENSG00000119514	GALNT12	0.231335	0.247197	0.20436	0.136986	rs7856182	chr9_98871030_C_T	NA
rs7856182	9	98871030	GALNT12	GTEx_v10_kidney_cortex	QTD000261	ENSG00000119523		0.492651	0.128122	0.185557	0.136986	rs7856182	chr9_98871030_C_T	NA
rs7856182	9	98871030	GALNT12	GTEx_v10_kidney_cortex	QTD000261	ENSG00000136929		0.686461	-0.104542	0.257687	0.136986	rs7856182	chr9_98871030_C_T	NA
rs7856182	9	98871030	GALNT12	GTEx_v10_kidney_cortex	QTD000261	ENSG00000136932		0.192059	-0.336848	0.25521	0.136986	rs7856182	chr9_98871030_C_T	NA
rs7856182	9	98871030	GALNT12	GTEx_v10_kidney_cortex	QTD000261	ENSG00000136938		0.616785	-0.0650133	0.12922	0.136986	rs7856182	chr9_98871030_C_T	NA
rs7856182	9	98871030	GALNT12	GTEx_v10_kidney_cortex	QTD000261	ENSG00000165138		0.389701	0.166037	0.191583	0.136986	rs7856182	chr9_98871030_C_T	NA
rs7856182	9	98871030	GALNT12	GTEx_v10_kidney_cortex	QTD000261	ENSG00000204291		0.488886	-0.15669	0.224961	0.136986	rs7856182	chr9_98871030_C_T	NA
rs7856182	9	98871030	GALNT12	GTEx_v10_kidney_cortex	QTD000261	ENSG00000227269		0.452088	-0.153814	0.203178	0.136986	rs7856182	chr9_98871030_C_T	NA
rs7856182	9	98871030	GALNT12	GTEx_v10_kidney_cortex	QTD000261	ENSG00000236896		0.562204	0.151042	0.259112	0.136986	rs7856182	chr9_98871030_C_T	NA
rs7856182	9	98871030	GALNT12	GTEx_v10_kidney_cortex	QTD000261	ENSG00000270412		0.685657	0.0931479	0.228981	0.136986	rs7856182	chr9_98871030_C_T	NA
rs5910940	X	120624955	C1GALT1C1	GTEx_v10_kidney_cortex	QTD000261	ENSG00000005893		0.171184	0.144358	0.104187	0.493151	rs5910940	chrX_120624955_G_A	NA
rs5910940	X	120624955	C1GALT1C1	GTEx_v10_kidney_cortex	QTD000261	ENSG00000101882		0.969757	0.00316041	0.0829993	0.493151	rs5910940	chrX_120624955_G_A	NA
rs5910940	X	120624955	C1GALT1C1	GTEx_v10_kidney_cortex	QTD000261	ENSG00000101883		0.291952	0.116209	0.109268	0.493151	rs5910940	chrX_120624955_G_A	NA
rs5910940	X	120624955	C1GALT1C1	GTEx_v10_kidney_cortex	QTD000261	ENSG00000125351		0.381155	-0.0696813	0.0789598	0.493151	rs5910940	chrX_120624955_G_A	NA
rs5910940	X	120624955	C1GALT1C1	GTEx_v10_kidney_cortex	QTD000261	ENSG00000125352		0.0590367	0.214917	0.111599	0.493151	rs5910940	chrX_120624955_G_A	NA
rs5910940	X	120624955	C1GALT1C1	GTEx_v10_kidney_cortex	QTD000261	ENSG00000125354		0.664491	0.048259	0.110698	0.493151	rs5910940	chrX_120624955_G_A	NA
rs5910940	X	120624955	C1GALT1C1	GTEx_v10_kidney_cortex	QTD000261	ENSG00000125355		0.246016	-0.14089	0.12022	0.493151	rs5910940	chrX_120624955_G_A	NA
rs5910940	X	120624955	C1GALT1C1	GTEx_v10_kidney_cortex	QTD000261	ENSG00000125356		0.244091	0.09924	0.084332	0.493151	rs5910940	chrX_120624955_G_A	NA
rs5910940	X	120624955	C1GALT1C1	GTEx_v10_kidney_cortex	QTD000261	ENSG00000158290		0.449711	-0.0790576	0.10388	0.493151	rs5910940	chrX_120624955_G_A	NA
rs5910940	X	120624955	C1GALT1C1	GTEx_v10_kidney_cortex	QTD000261	ENSG00000171155	C1GALT1C1	0.515319	0.0478219	0.0730562	0.493151	rs5910940	chrX_120624955_G_A	NA
rs5910940	X	120624955	C1GALT1C1	GTEx_v10_kidney_cortex	QTD000261	ENSG00000177485		0.0330712	0.19727	0.090353	0.493151	rs5910940	chrX_120624955_G_A	NA
rs5910940	X	120624955	C1GALT1C1	GTEx_v10_kidney_cortex	QTD000261	ENSG00000182890		0.652786	0.0342781	0.0757968	0.493151	rs5910940	chrX_120624955_G_A	NA
rs5910940	X	120624955	C1GALT1C1	GTEx_v10_kidney_cortex	QTD000261	ENSG00000187808		0.738866	0.0342426	0.10223	0.493151	rs5910940	chrX_120624955_G_A	NA
rs5910940	X	120624955	C1GALT1C1	GTEx_v10_kidney_cortex	QTD000261	ENSG00000198918		0.978694	0.00213431	0.0795724	0.493151	rs5910940	chrX_120624955_G_A	NA
rs5910940	X	120624955	C1GALT1C1	GTEx_v10_kidney_cortex	QTD000261	ENSG00000228139		0.398237	0.112572	0.132273	0.493151	rs5910940	chrX_120624955_G_A	NA
rs5910940	X	120624955	C1GALT1C1	GTEx_v10_kidney_cortex	QTD000261	ENSG00000232119		0.0650547	-0.155401	0.0826351	0.493151	rs5910940	chrX_120624955_G_A	NA
rs5910940	X	120624955	C1GALT1C1	GTEx_v10_kidney_cortex	QTD000261	ENSG00000258545		0.866446	-0.0201301	0.119168	0.493151	rs5910940	chrX_120624955_G_A	NA
rs5910940	X	120624955	C1GALT1C1	GTEx_v10_kidney_cortex	QTD000261	ENSG00000286366		0.241538	0.122132	0.103217	0.493151	rs5910940	chrX_120624955_G_A	NA
rs5910940	X	120624955	C1GALT1C1	GTEx_v10_kidney_cortex	QTD000261	ENSG00000287379		0.885861	0.0150656	0.104494	0.493151	rs5910940	chrX_120624955_G_A	NA
rs13226913	7	7207215	C1GALT1	GTEx_v10_blood	QTD000356	ENSG00000008256		0.651092	0.0205056	0.0453209	0.452985	rs13226913	chr7_7207215_T_C	NA
rs13226913	7	7207215	C1GALT1	GTEx_v10_blood	QTD000356	ENSG00000106392	C1GALT1	5.57541e-12	0.308582	0.04396	0.452985	rs13226913	chr7_7207215_T_C	NA
rs13226913	7	7207215	C1GALT1	GTEx_v10_blood	QTD000356	ENSG00000106399		0.102115	-0.049186	0.0300468	0.452985	rs13226913	chr7_7207215_T_C	NA
rs13226913	7	7207215	C1GALT1	GTEx_v10_blood	QTD000356	ENSG00000106415		0.115748	-0.0530537	0.0336858	0.452985	rs13226913	chr7_7207215_T_C	NA
rs13226913	7	7207215	C1GALT1	GTEx_v10_blood	QTD000356	ENSG00000136238		0.650666	0.0141633	0.0312624	0.452985	rs13226913	chr7_7207215_T_C	NA
rs13226913	7	7207215	C1GALT1	GTEx_v10_blood	QTD000356	ENSG00000136240		0.4296	0.0356154	0.0450619	0.452985	rs13226913	chr7_7207215_T_C	NA
rs13226913	7	7207215	C1GALT1	GTEx_v10_blood	QTD000356	ENSG00000136247		0.0183342	0.0966335	0.0408646	0.452985	rs13226913	chr7_7207215_T_C	NA
rs13226913	7	7207215	C1GALT1	GTEx_v10_blood	QTD000356	ENSG00000146574		0.67984	0.0153389	0.0371523	0.452985	rs13226913	chr7_7207215_T_C	NA
rs13226913	7	7207215	C1GALT1	GTEx_v10_blood	QTD000356	ENSG00000146576		0.0378641	-0.0825046	0.0396554	0.452985	rs13226913	chr7_7207215_T_C	NA
rs13226913	7	7207215	C1GALT1	GTEx_v10_blood	QTD000356	ENSG00000164535		0.456968	0.0307588	0.0413263	0.452985	rs13226913	chr7_7207215_T_C	NA
rs13226913	7	7207215	C1GALT1	GTEx_v10_blood	QTD000356	ENSG00000164631		0.016186	0.078719	0.0326508	0.452985	rs13226913	chr7_7207215_T_C	NA
rs13226913	7	7207215	C1GALT1	GTEx_v10_blood	QTD000356	ENSG00000164654		0.360639	0.0387355	0.0423435	0.452985	rs13226913	chr7_7207215_T_C	NA
rs13226913	7	7207215	C1GALT1	GTEx_v10_blood	QTD000356	ENSG00000178397		0.0118861	0.110828	0.0439348	0.452985	rs13226913	chr7_7207215_T_C	NA
rs13226913	7	7207215	C1GALT1	GTEx_v10_blood	QTD000356	ENSG00000205903		0.762723	-0.0119383	0.0395265	0.452985	rs13226913	chr7_7207215_T_C	NA
rs13226913	7	7207215	C1GALT1	GTEx_v10_blood	QTD000356	ENSG00000219545		0.714744	-0.0181492	0.0496354	0.452985	rs13226913	chr7_7207215_T_C	NA
rs13226913	7	7207215	C1GALT1	GTEx_v10_blood	QTD000356	ENSG00000227719		0.334971	-0.0464078	0.0480979	0.452985	rs13226913	chr7_7207215_T_C	NA
rs13226913	7	7207215	C1GALT1	GTEx_v10_blood	QTD000356	ENSG00000233108		0.277332	0.0445906	0.0410127	0.452985	rs13226913	chr7_7207215_T_C	NA
rs13226913	7	7207215	C1GALT1	GTEx_v10_blood	QTD000356	ENSG00000236609		0.502824	0.0283383	0.0422693	0.452985	rs13226913	chr7_7207215_T_C	NA
rs13226913	7	7207215	C1GALT1	GTEx_v10_blood	QTD000356	ENSG00000272894		0.102805	-0.0700845	0.0428996	0.452985	rs13226913	chr7_7207215_T_C	NA
rs10238682	7	7215386	C1GALT1	GTEx_v10_blood	QTD000356	ENSG00000008256		0.505796	0.0365901	0.0549595	0.238806	rs10238682	chr7_7215386_A_G	NA
rs10238682	7	7215386	C1GALT1	GTEx_v10_blood	QTD000356	ENSG00000106392	C1GALT1	0.50413	0.0369405	0.0552691	0.238806	rs10238682	chr7_7215386_A_G	NA
rs10238682	7	7215386	C1GALT1	GTEx_v10_blood	QTD000356	ENSG00000106399		0.268329	-0.040419	0.0364839	0.238806	rs10238682	chr7_7215386_A_G	NA
rs10238682	7	7215386	C1GALT1	GTEx_v10_blood	QTD000356	ENSG00000106415		0.0610672	-0.0765973	0.040825	0.238806	rs10238682	chr7_7215386_A_G	NA
rs10238682	7	7215386	C1GALT1	GTEx_v10_blood	QTD000356	ENSG00000136238		0.955465	0.00211867	0.0379238	0.238806	rs10238682	chr7_7215386_A_G	NA
rs10238682	7	7215386	C1GALT1	GTEx_v10_blood	QTD000356	ENSG00000136240		0.962736	-0.00255569	0.0546812	0.238806	rs10238682	chr7_7215386_A_G	NA
rs10238682	7	7215386	C1GALT1	GTEx_v10_blood	QTD000356	ENSG00000136247		0.042012	0.101093	0.0496186	0.238806	rs10238682	chr7_7215386_A_G	NA
rs10238682	7	7215386	C1GALT1	GTEx_v10_blood	QTD000356	ENSG00000146574		0.744424	-0.0146971	0.0450639	0.238806	rs10238682	chr7_7215386_A_G	NA
rs10238682	7	7215386	C1GALT1	GTEx_v10_blood	QTD000356	ENSG00000146576		0.0516678	-0.0938018	0.048117	0.238806	rs10238682	chr7_7215386_A_G	NA
rs10238682	7	7215386	C1GALT1	GTEx_v10_blood	QTD000356	ENSG00000164535		0.736158	0.0169021	0.0501412	0.238806	rs10238682	chr7_7215386_A_G	NA
rs10238682	7	7215386	C1GALT1	GTEx_v10_blood	QTD000356	ENSG00000164631		0.417486	0.0322553	0.0397573	0.238806	rs10238682	chr7_7215386_A_G	NA
rs10238682	7	7215386	C1GALT1	GTEx_v10_blood	QTD000356	ENSG00000164654		0.563955	0.0296589	0.0513779	0.238806	rs10238682	chr7_7215386_A_G	NA
rs10238682	7	7215386	C1GALT1	GTEx_v10_blood	QTD000356	ENSG00000178397		0.0396167	0.110048	0.0533736	0.238806	rs10238682	chr7_7215386_A_G	NA
rs10238682	7	7215386	C1GALT1	GTEx_v10_blood	QTD000356	ENSG00000205903		0.546367	-0.0289279	0.0479314	0.238806	rs10238682	chr7_7215386_A_G	NA
rs10238682	7	7215386	C1GALT1	GTEx_v10_blood	QTD000356	ENSG00000219545		0.291254	0.0635398	0.0601573	0.238806	rs10238682	chr7_7215386_A_G	NA
rs10238682	7	7215386	C1GALT1	GTEx_v10_blood	QTD000356	ENSG00000227719		0.965896	-0.00249703	0.058379	0.238806	rs10238682	chr7_7215386_A_G	NA
rs10238682	7	7215386	C1GALT1	GTEx_v10_blood	QTD000356	ENSG00000233108		0.96835	-0.00197627	0.0497889	0.238806	rs10238682	chr7_7215386_A_G	NA
rs10238682	7	7215386	C1GALT1	GTEx_v10_blood	QTD000356	ENSG00000236609		0.0141191	0.125625	0.0510502	0.238806	rs10238682	chr7_7215386_A_G	NA
rs10238682	7	7215386	C1GALT1	GTEx_v10_blood	QTD000356	ENSG00000272894		0.807486	-0.0127092	0.0521361	0.238806	rs10238682	chr7_7215386_A_G	NA
rs7856182	9	98871030	GALNT12	GTEx_v10_blood	QTD000356	ENSG00000095380		0.35014	0.0361963	0.0387131	0.164925	rs7856182	chr9_98871030_C_T	NA
rs7856182	9	98871030	GALNT12	GTEx_v10_blood	QTD000356	ENSG00000095383		0.926188	0.00581595	0.0627543	0.164925	rs7856182	chr9_98871030_C_T	NA
rs7856182	9	98871030	GALNT12	GTEx_v10_blood	QTD000356	ENSG00000106785		0.929164	0.00444079	0.0499353	0.164925	rs7856182	chr9_98871030_C_T	NA
rs7856182	9	98871030	GALNT12	GTEx_v10_blood	QTD000356	ENSG00000106789		0.660621	-0.0267276	0.0608474	0.164925	rs7856182	chr9_98871030_C_T	NA
rs7856182	9	98871030	GALNT12	GTEx_v10_blood	QTD000356	ENSG00000106799		0.297271	0.0563484	0.0540184	0.164925	rs7856182	chr9_98871030_C_T	NA
rs7856182	9	98871030	GALNT12	GTEx_v10_blood	QTD000356	ENSG00000106803		0.220469	-0.0626791	0.051106	0.164925	rs7856182	chr9_98871030_C_T	NA
rs7856182	9	98871030	GALNT12	GTEx_v10_blood	QTD000356	ENSG00000119508		0.723808	0.0144852	0.0409736	0.164925	rs7856182	chr9_98871030_C_T	NA
rs7856182	9	98871030	GALNT12	GTEx_v10_blood	QTD000356	ENSG00000119514	GALNT12	0.204596	0.0575214	0.0452985	0.164925	rs7856182	chr9_98871030_C_T	NA
rs7856182	9	98871030	GALNT12	GTEx_v10_blood	QTD000356	ENSG00000119523		0.608277	0.0295681	0.0576622	0.164925	rs7856182	chr9_98871030_C_T	NA
rs7856182	9	98871030	GALNT12	GTEx_v10_blood	QTD000356	ENSG00000136929		0.0215971	-0.117453	0.0510021	0.164925	rs7856182	chr9_98871030_C_T	NA
rs7856182	9	98871030	GALNT12	GTEx_v10_blood	QTD000356	ENSG00000136932		0.392179	-0.0414811	0.0484457	0.164925	rs7856182	chr9_98871030_C_T	NA
rs7856182	9	98871030	GALNT12	GTEx_v10_blood	QTD000356	ENSG00000136938		0.189287	-0.0456021	0.0347033	0.164925	rs7856182	chr9_98871030_C_T	NA
rs7856182	9	98871030	GALNT12	GTEx_v10_blood	QTD000356	ENSG00000165138		0.0188715	0.126908	0.0539139	0.164925	rs7856182	chr9_98871030_C_T	NA
rs5910940	X	120624955	C1GALT1C1	GTEx_v10_blood	QTD000356	ENSG00000005893		0.840783	-0.00457787	0.0227787	0.434328	rs5910940	chrX_120624955_G_A	NA
rs5910940	X	120624955	C1GALT1C1	GTEx_v10_blood	QTD000356	ENSG00000101882		0.97853	-0.000550398	0.0204441	0.434328	rs5910940	chrX_120624955_G_A	NA
rs5910940	X	120624955	C1GALT1C1	GTEx_v10_blood	QTD000356	ENSG00000101883		0.321029	0.0360853	0.0363361	0.434328	rs5910940	chrX_120624955_G_A	NA
rs5910940	X	120624955	C1GALT1C1	GTEx_v10_blood	QTD000356	ENSG00000125351		0.857335	-0.00446239	0.0248134	0.434328	rs5910940	chrX_120624955_G_A	NA
rs5910940	X	120624955	C1GALT1C1	GTEx_v10_blood	QTD000356	ENSG00000125352		0.815716	0.00700969	0.0300649	0.434328	rs5910940	chrX_120624955_G_A	NA
rs5910940	X	120624955	C1GALT1C1	GTEx_v10_blood	QTD000356	ENSG00000125354		0.288152	0.0182497	0.0171673	0.434328	rs5910940	chrX_120624955_G_A	NA
rs5910940	X	120624955	C1GALT1C1	GTEx_v10_blood	QTD000356	ENSG00000125356		0.02077	-0.0556449	0.0240081	0.434328	rs5910940	chrX_120624955_G_A	NA
rs5910940	X	120624955	C1GALT1C1	GTEx_v10_blood	QTD000356	ENSG00000158290		0.552171	-0.0129488	0.0217694	0.434328	rs5910940	chrX_120624955_G_A	NA
rs5910940	X	120624955	C1GALT1C1	GTEx_v10_blood	QTD000356	ENSG00000171155	C1GALT1C1	0.31418	0.0176755	0.0175481	0.434328	rs5910940	chrX_120624955_G_A	NA
rs5910940	X	120624955	C1GALT1C1	GTEx_v10_blood	QTD000356	ENSG00000177485		0.485657	-0.01951	0.0279662	0.434328	rs5910940	chrX_120624955_G_A	NA
rs5910940	X	120624955	C1GALT1C1	GTEx_v10_blood	QTD000356	ENSG00000187808		0.264725	0.0302243	0.0270766	0.434328	rs5910940	chrX_120624955_G_A	NA
rs5910940	X	120624955	C1GALT1C1	GTEx_v10_blood	QTD000356	ENSG00000198918		0.401097	-0.0207194	0.0246597	0.434328	rs5910940	chrX_120624955_G_A	NA
rs5910940	X	120624955	C1GALT1C1	GTEx_v10_blood	QTD000356	ENSG00000228139		0.549773	-0.0189621	0.0316874	0.434328	rs5910940	chrX_120624955_G_A	NA
rs5910940	X	120624955	C1GALT1C1	GTEx_v10_blood	QTD000356	ENSG00000232119		0.365936	-0.016203	0.0179091	0.434328	rs5910940	chrX_120624955_G_A	NA
rs13226913	7	7207215	C1GALT1	OneK1K_B_intermediate	QTD000606	ENSG00000106392	C1GALT1	0.400064	0.0353281	0.0419633	0.405322	rs13226913	chr7_7207215_T_C	0.99946
rs13226913	7	7207215	C1GALT1	OneK1K_B_intermediate	QTD000606	ENSG00000106399		0.519798	0.027396	0.0425475	0.405322	rs13226913	chr7_7207215_T_C	0.99946
rs13226913	7	7207215	C1GALT1	OneK1K_B_intermediate	QTD000606	ENSG00000106415		0.868226	0.0070008	0.0421846	0.405322	rs13226913	chr7_7207215_T_C	0.99946
rs13226913	7	7207215	C1GALT1	OneK1K_B_intermediate	QTD000606	ENSG00000136238		0.340534	0.0386868	0.0405699	0.405322	rs13226913	chr7_7207215_T_C	0.99946
rs13226913	7	7207215	C1GALT1	OneK1K_B_intermediate	QTD000606	ENSG00000136240		0.318993	-0.0423426	0.0424681	0.405322	rs13226913	chr7_7207215_T_C	0.99946
rs13226913	7	7207215	C1GALT1	OneK1K_B_intermediate	QTD000606	ENSG00000136247		0.769293	-0.0124198	0.0423329	0.405322	rs13226913	chr7_7207215_T_C	0.99946
rs13226913	7	7207215	C1GALT1	OneK1K_B_intermediate	QTD000606	ENSG00000146574		0.832432	-0.00927426	0.0438206	0.405322	rs13226913	chr7_7207215_T_C	0.99946
rs13226913	7	7207215	C1GALT1	OneK1K_B_intermediate	QTD000606	ENSG00000146576		0.461311	0.0310265	0.0420992	0.405322	rs13226913	chr7_7207215_T_C	0.99946
rs13226913	7	7207215	C1GALT1	OneK1K_B_intermediate	QTD000606	ENSG00000164654		0.276395	0.0451025	0.0414138	0.405322	rs13226913	chr7_7207215_T_C	0.99946
rs10238682	7	7215386	C1GALT1	OneK1K_B_intermediate	QTD000606	ENSG00000106392	C1GALT1	0.755546	0.0160543	0.0515513	0.191914	rs10238682	chr7_7215386_A_G	0.97579
rs10238682	7	7215386	C1GALT1	OneK1K_B_intermediate	QTD000606	ENSG00000106399		0.288376	0.0554859	0.052233	0.191914	rs10238682	chr7_7215386_A_G	0.97579
rs10238682	7	7215386	C1GALT1	OneK1K_B_intermediate	QTD000606	ENSG00000106415		0.972427	-0.00179119	0.0518074	0.191914	rs10238682	chr7_7215386_A_G	0.97579
rs10238682	7	7215386	C1GALT1	OneK1K_B_intermediate	QTD000606	ENSG00000136238		0.917189	0.00518421	0.049847	0.191914	rs10238682	chr7_7215386_A_G	0.97579
rs10238682	7	7215386	C1GALT1	OneK1K_B_intermediate	QTD000606	ENSG00000136240		0.266716	-0.0579525	0.0521483	0.191914	rs10238682	chr7_7215386_A_G	0.97579
rs10238682	7	7215386	C1GALT1	OneK1K_B_intermediate	QTD000606	ENSG00000136247		0.608269	0.026653	0.0519841	0.191914	rs10238682	chr7_7215386_A_G	0.97579
rs10238682	7	7215386	C1GALT1	OneK1K_B_intermediate	QTD000606	ENSG00000146574		0.444704	-0.0411355	0.0538009	0.191914	rs10238682	chr7_7215386_A_G	0.97579
rs10238682	7	7215386	C1GALT1	OneK1K_B_intermediate	QTD000606	ENSG00000146576		0.123647	0.0795965	0.0516528	0.191914	rs10238682	chr7_7215386_A_G	0.97579
rs10238682	7	7215386	C1GALT1	OneK1K_B_intermediate	QTD000606	ENSG00000164654		0.594346	0.0271072	0.0508839	0.191914	rs10238682	chr7_7215386_A_G	0.97579
rs7856182	9	98871030	GALNT12	OneK1K_B_intermediate	QTD000606	ENSG00000095380		0.0221017	-0.131922	0.0575494	0.148925	rs7856182	chr9_98871030_C_T	0.98012
rs7856182	9	98871030	GALNT12	OneK1K_B_intermediate	QTD000606	ENSG00000106785		0.0793296	-0.108416	0.0617243	0.148925	rs7856182	chr9_98871030_C_T	0.98012
rs7856182	9	98871030	GALNT12	OneK1K_B_intermediate	QTD000606	ENSG00000106799		0.233029	0.0727674	0.0609778	0.148925	rs7856182	chr9_98871030_C_T	0.98012
rs7856182	9	98871030	GALNT12	OneK1K_B_intermediate	QTD000606	ENSG00000106803		0.363038	0.0428221	0.0470561	0.148925	rs7856182	chr9_98871030_C_T	0.98012
rs7856182	9	98871030	GALNT12	OneK1K_B_intermediate	QTD000606	ENSG00000119508		0.940188	0.0037038	0.0493486	0.148925	rs7856182	chr9_98871030_C_T	0.98012
rs7856182	9	98871030	GALNT12	OneK1K_B_intermediate	QTD000606	ENSG00000136932		0.0364757	0.129229	0.061699	0.148925	rs7856182	chr9_98871030_C_T	0.98012
rs7856182	9	98871030	GALNT12	OneK1K_B_intermediate	QTD000606	ENSG00000136938		0.00327209	0.14512	0.0492211	0.148925	rs7856182	chr9_98871030_C_T	0.98012
rs5910940	X	120624955	C1GALT1C1	OneK1K_B_intermediate	QTD000606	ENSG00000005893		0.897838	0.00450728	0.035096	0.499488	rs5910940	chrX_120624955_G_A	0.99825
rs5910940	X	120624955	C1GALT1C1	OneK1K_B_intermediate	QTD000606	ENSG00000101882		0.145027	-0.0513001	0.035173	0.499488	rs5910940	chrX_120624955_G_A	0.99825
rs5910940	X	120624955	C1GALT1C1	OneK1K_B_intermediate	QTD000606	ENSG00000125351		0.191106	0.0451413	0.0345055	0.499488	rs5910940	chrX_120624955_G_A	0.99825
rs5910940	X	120624955	C1GALT1C1	OneK1K_B_intermediate	QTD000606	ENSG00000125352		0.0656981	0.0635258	0.0344766	0.499488	rs5910940	chrX_120624955_G_A	0.99825
rs5910940	X	120624955	C1GALT1C1	OneK1K_B_intermediate	QTD000606	ENSG00000125354		0.733517	0.0097004	0.0284845	0.499488	rs5910940	chrX_120624955_G_A	0.99825
rs5910940	X	120624955	C1GALT1C1	OneK1K_B_intermediate	QTD000606	ENSG00000125356		0.454864	0.0237228	0.0317305	0.499488	rs5910940	chrX_120624955_G_A	0.99825
rs5910940	X	120624955	C1GALT1C1	OneK1K_B_intermediate	QTD000606	ENSG00000198918		0.284628	0.026872	0.0251005	0.499488	rs5910940	chrX_120624955_G_A	0.99825
rs5910940	X	120624955	C1GALT1C1	OneK1K_B_intermediate	QTD000606	ENSG00000232119		0.588656	0.0186821	0.0345347	0.499488	rs5910940	chrX_120624955_G_A	0.99825
rs5910940	X	120624955	C1GALT1C1	OneK1K_B_intermediate	QTD000606	ENSG00000233382		0.175157	-0.0488654	0.0360147	0.499488	rs5910940	chrX_120624955_G_A	0.99825
rs13226913	7	7207215	C1GALT1	OneK1K_B_memory	QTD000607	ENSG00000106392	C1GALT1	0.056044	0.0811529	0.042422	0.404179	rs13226913	chr7_7207215_T_C	0.99946
rs13226913	7	7207215	C1GALT1	OneK1K_B_memory	QTD000607	ENSG00000106399		0.927161	0.00389922	0.0426418	0.404179	rs13226913	chr7_7207215_T_C	0.99946
rs13226913	7	7207215	C1GALT1	OneK1K_B_memory	QTD000607	ENSG00000106415		0.945973	-0.00274512	0.0404994	0.404179	rs13226913	chr7_7207215_T_C	0.99946
rs13226913	7	7207215	C1GALT1	OneK1K_B_memory	QTD000607	ENSG00000136238		0.602963	0.021574	0.0414632	0.404179	rs13226913	chr7_7207215_T_C	0.99946
rs13226913	7	7207215	C1GALT1	OneK1K_B_memory	QTD000607	ENSG00000136240		0.0108857	0.106714	0.0418276	0.404179	rs13226913	chr7_7207215_T_C	0.99946
rs13226913	7	7207215	C1GALT1	OneK1K_B_memory	QTD000607	ENSG00000136247		0.628568	0.0204416	0.0422437	0.404179	rs13226913	chr7_7207215_T_C	0.99946
rs13226913	7	7207215	C1GALT1	OneK1K_B_memory	QTD000607	ENSG00000146574		0.317492	-0.0441798	0.0441736	0.404179	rs13226913	chr7_7207215_T_C	0.99946
rs13226913	7	7207215	C1GALT1	OneK1K_B_memory	QTD000607	ENSG00000146576		0.650743	0.0194628	0.0429764	0.404179	rs13226913	chr7_7207215_T_C	0.99946
rs13226913	7	7207215	C1GALT1	OneK1K_B_memory	QTD000607	ENSG00000164654		0.0431899	-0.0896991	0.0443061	0.404179	rs13226913	chr7_7207215_T_C	0.99946
rs13226913	7	7207215	C1GALT1	OneK1K_B_memory	QTD000607	ENSG00000228010		0.322903	-0.0428896	0.0433659	0.404179	rs13226913	chr7_7207215_T_C	0.99946
rs10238682	7	7215386	C1GALT1	OneK1K_B_memory	QTD000607	ENSG00000106392	C1GALT1	0.172346	0.0711177	0.0520736	0.191641	rs10238682	chr7_7215386_A_G	0.97579
rs10238682	7	7215386	C1GALT1	OneK1K_B_memory	QTD000607	ENSG00000106399		0.534837	0.0324617	0.0522848	0.191641	rs10238682	chr7_7215386_A_G	0.97579
rs10238682	7	7215386	C1GALT1	OneK1K_B_memory	QTD000607	ENSG00000106415		0.553027	-0.0294693	0.0496587	0.191641	rs10238682	chr7_7215386_A_G	0.97579
rs10238682	7	7215386	C1GALT1	OneK1K_B_memory	QTD000607	ENSG00000136238		0.854069	-0.00935637	0.0508558	0.191641	rs10238682	chr7_7215386_A_G	0.97579
rs10238682	7	7215386	C1GALT1	OneK1K_B_memory	QTD000607	ENSG00000136240		0.131252	0.0776504	0.0514083	0.191641	rs10238682	chr7_7215386_A_G	0.97579
rs10238682	7	7215386	C1GALT1	OneK1K_B_memory	QTD000607	ENSG00000136247		0.760801	-0.0157771	0.0518106	0.191641	rs10238682	chr7_7215386_A_G	0.97579
rs10238682	7	7215386	C1GALT1	OneK1K_B_memory	QTD000607	ENSG00000146574		0.948439	-0.00350594	0.0542015	0.191641	rs10238682	chr7_7215386_A_G	0.97579
rs10238682	7	7215386	C1GALT1	OneK1K_B_memory	QTD000607	ENSG00000146576		0.36634	-0.0476187	0.0526887	0.191641	rs10238682	chr7_7215386_A_G	0.97579
rs10238682	7	7215386	C1GALT1	OneK1K_B_memory	QTD000607	ENSG00000164654		0.0239149	-0.122847	0.0543076	0.191641	rs10238682	chr7_7215386_A_G	0.97579
rs10238682	7	7215386	C1GALT1	OneK1K_B_memory	QTD000607	ENSG00000228010		0.0244689	-0.11958	0.0530708	0.191641	rs10238682	chr7_7215386_A_G	0.97579
rs7856182	9	98871030	GALNT12	OneK1K_B_memory	QTD000607	ENSG00000095380		0.920885	0.00603768	0.0607752	0.148318	rs7856182	chr9_98871030_C_T	0.98012
rs7856182	9	98871030	GALNT12	OneK1K_B_memory	QTD000607	ENSG00000106785		0.414064	0.0515226	0.0630544	0.148318	rs7856182	chr9_98871030_C_T	0.98012
rs7856182	9	98871030	GALNT12	OneK1K_B_memory	QTD000607	ENSG00000106799		0.22108	-0.0763838	0.0623821	0.148318	rs7856182	chr9_98871030_C_T	0.98012
rs7856182	9	98871030	GALNT12	OneK1K_B_memory	QTD000607	ENSG00000106803		0.0336325	0.105461	0.0495706	0.148318	rs7856182	chr9_98871030_C_T	0.98012
rs7856182	9	98871030	GALNT12	OneK1K_B_memory	QTD000607	ENSG00000119508		0.703517	0.0208204	0.0546914	0.148318	rs7856182	chr9_98871030_C_T	0.98012
rs7856182	9	98871030	GALNT12	OneK1K_B_memory	QTD000607	ENSG00000136932		0.975895	-0.0018672	0.0617804	0.148318	rs7856182	chr9_98871030_C_T	0.98012
rs7856182	9	98871030	GALNT12	OneK1K_B_memory	QTD000607	ENSG00000136938		0.36457	0.0430812	0.0474924	0.148318	rs7856182	chr9_98871030_C_T	0.98012
rs5910940	X	120624955	C1GALT1C1	OneK1K_B_memory	QTD000607	ENSG00000005893		0.604922	0.0185093	0.0357664	0.49949	rs5910940	chrX_120624955_G_A	0.99825
rs5910940	X	120624955	C1GALT1C1	OneK1K_B_memory	QTD000607	ENSG00000101882		0.630308	0.0171904	0.0357059	0.49949	rs5910940	chrX_120624955_G_A	0.99825
rs5910940	X	120624955	C1GALT1C1	OneK1K_B_memory	QTD000607	ENSG00000125351		0.539837	-0.0204585	0.0333592	0.49949	rs5910940	chrX_120624955_G_A	0.99825
rs5910940	X	120624955	C1GALT1C1	OneK1K_B_memory	QTD000607	ENSG00000125352		0.165624	-0.0484264	0.0349032	0.49949	rs5910940	chrX_120624955_G_A	0.99825
rs5910940	X	120624955	C1GALT1C1	OneK1K_B_memory	QTD000607	ENSG00000125354		0.569404	-0.0171356	0.0301087	0.49949	rs5910940	chrX_120624955_G_A	0.99825
rs5910940	X	120624955	C1GALT1C1	OneK1K_B_memory	QTD000607	ENSG00000125356		0.328268	0.0305104	0.0311934	0.49949	rs5910940	chrX_120624955_G_A	0.99825
rs5910940	X	120624955	C1GALT1C1	OneK1K_B_memory	QTD000607	ENSG00000158290		0.986377	0.000600028	0.0351315	0.49949	rs5910940	chrX_120624955_G_A	0.99825
rs5910940	X	120624955	C1GALT1C1	OneK1K_B_memory	QTD000607	ENSG00000198918		0.506876	0.0167609	0.0252439	0.49949	rs5910940	chrX_120624955_G_A	0.99825
rs5910940	X	120624955	C1GALT1C1	OneK1K_B_memory	QTD000607	ENSG00000232119		0.161476	-0.0489988	0.0349692	0.49949	rs5910940	chrX_120624955_G_A	0.99825
rs5910940	X	120624955	C1GALT1C1	OneK1K_B_memory	QTD000607	ENSG00000233382		0.404579	0.0305876	0.036683	0.49949	rs5910940	chrX_120624955_G_A	0.99825
rs13226913	7	7207215	C1GALT1	OneK1K_B_naive	QTD000608	ENSG00000008256		0.471129	0.03155	0.0437632	0.404082	rs13226913	chr7_7207215_T_C	0.99946
rs13226913	7	7207215	C1GALT1	OneK1K_B_naive	QTD000608	ENSG00000106392	C1GALT1	9.35888e-06	0.173861	0.0390239	0.404082	rs13226913	chr7_7207215_T_C	0.99946
rs13226913	7	7207215	C1GALT1	OneK1K_B_naive	QTD000608	ENSG00000106399		0.181761	-0.0537111	0.0401935	0.404082	rs13226913	chr7_7207215_T_C	0.99946
rs13226913	7	7207215	C1GALT1	OneK1K_B_naive	QTD000608	ENSG00000106415		0.454194	0.0298275	0.0398367	0.404082	rs13226913	chr7_7207215_T_C	0.99946
rs13226913	7	7207215	C1GALT1	OneK1K_B_naive	QTD000608	ENSG00000136238		0.0367288	-0.0831686	0.0397618	0.404082	rs13226913	chr7_7207215_T_C	0.99946
rs13226913	7	7207215	C1GALT1	OneK1K_B_naive	QTD000608	ENSG00000136240		0.918732	0.00427647	0.0419024	0.404082	rs13226913	chr7_7207215_T_C	0.99946
rs13226913	7	7207215	C1GALT1	OneK1K_B_naive	QTD000608	ENSG00000136247		0.147095	0.0587044	0.040457	0.404082	rs13226913	chr7_7207215_T_C	0.99946
rs13226913	7	7207215	C1GALT1	OneK1K_B_naive	QTD000608	ENSG00000146574		0.828173	-0.00938991	0.0432507	0.404082	rs13226913	chr7_7207215_T_C	0.99946
rs13226913	7	7207215	C1GALT1	OneK1K_B_naive	QTD000608	ENSG00000146576		0.096134	0.069612	0.041796	0.404082	rs13226913	chr7_7207215_T_C	0.99946
rs13226913	7	7207215	C1GALT1	OneK1K_B_naive	QTD000608	ENSG00000164535		0.86253	0.00740342	0.0427449	0.404082	rs13226913	chr7_7207215_T_C	0.99946
rs13226913	7	7207215	C1GALT1	OneK1K_B_naive	QTD000608	ENSG00000164631		0.751366	-0.0140434	0.0443108	0.404082	rs13226913	chr7_7207215_T_C	0.99946
rs13226913	7	7207215	C1GALT1	OneK1K_B_naive	QTD000608	ENSG00000164654		0.0476449	0.0816598	0.0411789	0.404082	rs13226913	chr7_7207215_T_C	0.99946
rs13226913	7	7207215	C1GALT1	OneK1K_B_naive	QTD000608	ENSG00000205903		0.222878	-0.0539747	0.0442527	0.404082	rs13226913	chr7_7207215_T_C	0.99946
rs13226913	7	7207215	C1GALT1	OneK1K_B_naive	QTD000608	ENSG00000219545		0.567363	0.0245253	0.0428663	0.404082	rs13226913	chr7_7207215_T_C	0.99946
rs13226913	7	7207215	C1GALT1	OneK1K_B_naive	QTD000608	ENSG00000228010		0.519647	0.0287231	0.0445924	0.404082	rs13226913	chr7_7207215_T_C	0.99946
rs10238682	7	7215386	C1GALT1	OneK1K_B_naive	QTD000608	ENSG00000008256		0.783713	0.0147241	0.053628	0.191837	rs10238682	chr7_7215386_A_G	0.97579
rs10238682	7	7215386	C1GALT1	OneK1K_B_naive	QTD000608	ENSG00000106392	C1GALT1	0.00011621	0.185475	0.047928	0.191837	rs10238682	chr7_7215386_A_G	0.97579
rs10238682	7	7215386	C1GALT1	OneK1K_B_naive	QTD000608	ENSG00000106399		0.503568	-0.0329727	0.0492764	0.191837	rs10238682	chr7_7215386_A_G	0.97579
rs10238682	7	7215386	C1GALT1	OneK1K_B_naive	QTD000608	ENSG00000106415		0.198118	0.0628166	0.0487776	0.191837	rs10238682	chr7_7215386_A_G	0.97579
rs10238682	7	7215386	C1GALT1	OneK1K_B_naive	QTD000608	ENSG00000136238		0.0670298	-0.0893649	0.048739	0.191837	rs10238682	chr7_7215386_A_G	0.97579
rs10238682	7	7215386	C1GALT1	OneK1K_B_naive	QTD000608	ENSG00000136240		0.722269	0.0182504	0.0513329	0.191837	rs10238682	chr7_7215386_A_G	0.97579
rs10238682	7	7215386	C1GALT1	OneK1K_B_naive	QTD000608	ENSG00000136247		0.740639	0.0164281	0.0496163	0.191837	rs10238682	chr7_7215386_A_G	0.97579
rs10238682	7	7215386	C1GALT1	OneK1K_B_naive	QTD000608	ENSG00000146574		0.899424	0.00669896	0.0529887	0.191837	rs10238682	chr7_7215386_A_G	0.97579
rs10238682	7	7215386	C1GALT1	OneK1K_B_naive	QTD000608	ENSG00000146576		0.121718	0.079331	0.0512156	0.191837	rs10238682	chr7_7215386_A_G	0.97579
rs10238682	7	7215386	C1GALT1	OneK1K_B_naive	QTD000608	ENSG00000164535		0.592311	-0.0280482	0.0523612	0.191837	rs10238682	chr7_7215386_A_G	0.97579
rs10238682	7	7215386	C1GALT1	OneK1K_B_naive	QTD000608	ENSG00000164631		0.912947	-0.00593654	0.0542891	0.191837	rs10238682	chr7_7215386_A_G	0.97579
rs10238682	7	7215386	C1GALT1	OneK1K_B_naive	QTD000608	ENSG00000164654		0.240907	0.059278	0.0505162	0.191837	rs10238682	chr7_7215386_A_G	0.97579
rs10238682	7	7215386	C1GALT1	OneK1K_B_naive	QTD000608	ENSG00000205903		0.0753265	-0.0964406	0.0541683	0.191837	rs10238682	chr7_7215386_A_G	0.97579
rs10238682	7	7215386	C1GALT1	OneK1K_B_naive	QTD000608	ENSG00000219545		0.327597	0.0514216	0.0524998	0.191837	rs10238682	chr7_7215386_A_G	0.97579
rs10238682	7	7215386	C1GALT1	OneK1K_B_naive	QTD000608	ENSG00000228010		0.308361	0.0556628	0.0546139	0.191837	rs10238682	chr7_7215386_A_G	0.97579
rs7856182	9	98871030	GALNT12	OneK1K_B_naive	QTD000608	ENSG00000095380		0.565797	0.0332098	0.0578114	0.148469	rs7856182	chr9_98871030_C_T	0.98012
rs7856182	9	98871030	GALNT12	OneK1K_B_naive	QTD000608	ENSG00000106785		0.92933	-0.00542841	0.0611921	0.148469	rs7856182	chr9_98871030_C_T	0.98012
rs7856182	9	98871030	GALNT12	OneK1K_B_naive	QTD000608	ENSG00000106799		0.937859	0.00465387	0.0596793	0.148469	rs7856182	chr9_98871030_C_T	0.98012
rs7856182	9	98871030	GALNT12	OneK1K_B_naive	QTD000608	ENSG00000106803		0.119649	-0.0732549	0.0470298	0.148469	rs7856182	chr9_98871030_C_T	0.98012
rs7856182	9	98871030	GALNT12	OneK1K_B_naive	QTD000608	ENSG00000119508		0.115238	-0.0736951	0.0467461	0.148469	rs7856182	chr9_98871030_C_T	0.98012
rs7856182	9	98871030	GALNT12	OneK1K_B_naive	QTD000608	ENSG00000119523		0.526841	-0.0384979	0.0608119	0.148469	rs7856182	chr9_98871030_C_T	0.98012
rs7856182	9	98871030	GALNT12	OneK1K_B_naive	QTD000608	ENSG00000136928		0.741346	-0.0203113	0.0615184	0.148469	rs7856182	chr9_98871030_C_T	0.98012
rs7856182	9	98871030	GALNT12	OneK1K_B_naive	QTD000608	ENSG00000136932		0.337921	0.055954	0.0583609	0.148469	rs7856182	chr9_98871030_C_T	0.98012
rs7856182	9	98871030	GALNT12	OneK1K_B_naive	QTD000608	ENSG00000136938		0.246556	0.0516211	0.0445217	0.148469	rs7856182	chr9_98871030_C_T	0.98012
rs5910940	X	120624955	C1GALT1C1	OneK1K_B_naive	QTD000608	ENSG00000005893		0.624287	-0.0171151	0.034933	0.49898	rs5910940	chrX_120624955_G_A	0.99825
rs5910940	X	120624955	C1GALT1C1	OneK1K_B_naive	QTD000608	ENSG00000101882		0.461493	-0.0240138	0.0325971	0.49898	rs5910940	chrX_120624955_G_A	0.99825
rs5910940	X	120624955	C1GALT1C1	OneK1K_B_naive	QTD000608	ENSG00000125351		0.350494	0.029727	0.0318248	0.49898	rs5910940	chrX_120624955_G_A	0.99825
rs5910940	X	120624955	C1GALT1C1	OneK1K_B_naive	QTD000608	ENSG00000125352		0.228876	0.042599	0.0353806	0.49898	rs5910940	chrX_120624955_G_A	0.99825
rs5910940	X	120624955	C1GALT1C1	OneK1K_B_naive	QTD000608	ENSG00000125354		0.905028	-0.0033238	0.0278508	0.49898	rs5910940	chrX_120624955_G_A	0.99825
rs5910940	X	120624955	C1GALT1C1	OneK1K_B_naive	QTD000608	ENSG00000125356		0.834867	0.00632424	0.0303292	0.49898	rs5910940	chrX_120624955_G_A	0.99825
rs5910940	X	120624955	C1GALT1C1	OneK1K_B_naive	QTD000608	ENSG00000158290		0.697857	0.0139284	0.0358673	0.49898	rs5910940	chrX_120624955_G_A	0.99825
rs5910940	X	120624955	C1GALT1C1	OneK1K_B_naive	QTD000608	ENSG00000198918		0.227708	-0.0288809	0.0239268	0.49898	rs5910940	chrX_120624955_G_A	0.99825
rs5910940	X	120624955	C1GALT1C1	OneK1K_B_naive	QTD000608	ENSG00000232119		0.00398007	-0.0973996	0.0337411	0.49898	rs5910940	chrX_120624955_G_A	0.99825
rs5910940	X	120624955	C1GALT1C1	OneK1K_B_naive	QTD000608	ENSG00000233382		0.841113	-0.00716103	0.0357116	0.49898	rs5910940	chrX_120624955_G_A	0.99825
