chr	dataset	dataset_qtd	gene_id	gene_symbol	pos	pvalue	beta	se	rsid	variant	LD_r2
7	GTEx_v10_kidney_cortex	QTD000261	ENSG00000122674	CCZ1	6846984	3.2872e-12	0.953467	0.108823	rs9691768	chr7_6846984_G_C	NA
7	GTEx_v10_kidney_cortex	QTD000261	ENSG00000106392	C1GALT1	7199596	3.78704e-12	1.02146	0.117079	rs200644990	chr7_7199596_TAC_T	NA
7	GTEx_v10_kidney_cortex	QTD000261	ENSG00000106392	C1GALT1	7199596	3.78704e-12	1.02146	0.117079	rs60572753	chr7_7199596_TAC_T	NA
7	GTEx_v10_kidney_cortex	QTD000261	ENSG00000106392	C1GALT1	7199924	3.78704e-12	1.02146	0.117079	rs4476914	chr7_7199924_C_T	NA
7	GTEx_v10_kidney_cortex	QTD000261	ENSG00000106392	C1GALT1	7199926	3.78704e-12	1.02146	0.117079	rs4473928	chr7_7199926_A_G	NA
7	GTEx_v10_kidney_cortex	QTD000261	ENSG00000106392	C1GALT1	7201476	3.78704e-12	1.02146	0.117079	rs75439000	chr7_7201476_G_A	NA
7	GTEx_v10_kidney_cortex	QTD000261	ENSG00000106392	C1GALT1	7202970	3.78704e-12	1.02146	0.117079	rs55873732	chr7_7202970_T_A	NA
7	GTEx_v10_kidney_cortex	QTD000261	ENSG00000106392	C1GALT1	7206902	3.78704e-12	1.02146	0.117079	rs73674689	chr7_7206902_C_T	NA
7	GTEx_v10_kidney_cortex	QTD000261	ENSG00000106392	C1GALT1	7188239	7.75371e-12	1.02583	0.120159	rs17164678	chr7_7188239_G_A	NA
7	GTEx_v10_kidney_cortex	QTD000261	ENSG00000106392	C1GALT1	7189193	7.75371e-12	1.02583	0.120159	rs11767455	chr7_7189193_A_T	NA
7	GTEx_v10_kidney_cortex	QTD000261	ENSG00000106392	C1GALT1	7190003	7.75371e-12	1.02583	0.120159	rs1010365	chr7_7190003_G_C	NA
7	GTEx_v10_kidney_cortex	QTD000261	ENSG00000106392	C1GALT1	7195656	7.75371e-12	1.02583	0.120159	rs78752002	chr7_7195656_T_TA	NA
7	GTEx_v10_kidney_cortex	QTD000261	ENSG00000106392	C1GALT1	7196929	7.75371e-12	1.02583	0.120159	rs7811886	chr7_7196929_T_A	NA
7	GTEx_v10_kidney_cortex	QTD000261	ENSG00000106392	C1GALT1	7198465	7.75371e-12	1.02583	0.120159	rs11771192	chr7_7198465_A_G	NA
7	GTEx_v10_kidney_cortex	QTD000261	ENSG00000106392	C1GALT1	7194956	7.82565e-12	0.92039	0.107839	rs10257835	chr7_7194956_A_C	NA
7	GTEx_v10_kidney_cortex	QTD000261	ENSG00000106392	C1GALT1	7182276	8.85972e-12	1.07237	0.126124	rs13229375	chr7_7182276_C_T	NA
7	GTEx_v10_kidney_cortex	QTD000261	ENSG00000106392	C1GALT1	7182321	8.85972e-12	1.07237	0.126124	rs13243458	chr7_7182321_A_T	NA
7	GTEx_v10_kidney_cortex	QTD000261	ENSG00000106392	C1GALT1	7237584	9.18985e-12	1.01112	0.119054	rs11771259	chr7_7237584_C_G	NA
7	GTEx_v10_kidney_cortex	QTD000261	ENSG00000106392	C1GALT1	7232515	1.12949e-11	1.01844	0.12068	rs796552549	chr7_7232515_CAG_C	NA
7	GTEx_v10_kidney_cortex	QTD000261	ENSG00000106392	C1GALT1	7232515	1.12949e-11	1.01844	0.12068	rs200078660	chr7_7232515_CAG_C	NA
7	GTEx_v10_kidney_cortex	QTD000261	ENSG00000106392	C1GALT1	7182144	1.16372e-11	1.04206	0.123592	rs7803355	chr7_7182144_C_T	NA
7	GTEx_v10_kidney_cortex	QTD000261	ENSG00000146574	CCZ1B	6847427	1.54438e-11	-0.872429	0.104386	rs9691330	chr7_6847427_T_C	NA
7	GTEx_v10_kidney_cortex	QTD000261	ENSG00000106392	C1GALT1	7197781	1.65445e-11	0.932446	0.111807	rs10273366	chr7_7197781_T_G	NA
7	GTEx_v10_kidney_cortex	QTD000261	ENSG00000106392	C1GALT1	7198823	1.65445e-11	0.932446	0.111807	rs146212913	chr7_7198823_A_G	NA
7	GTEx_v10_kidney_cortex	QTD000261	ENSG00000106392	C1GALT1	7213889	2.14426e-11	0.955123	0.115459	rs2108791	chr7_7213889_C_T	NA
9	GTEx_v10_kidney_cortex	QTD000261	ENSG00000119523	ALG2	98822060	3.09882e-06	-0.9738	0.188593	rs113760942	chr9_98822060_A_G	NA
9	GTEx_v10_kidney_cortex	QTD000261	ENSG00000119523	ALG2	98825519	3.09882e-06	-0.9738	0.188593	rs146747859	chr9_98825519_GT_G	NA
9	GTEx_v10_kidney_cortex	QTD000261	ENSG00000119523	ALG2	98586589	0.000124326	-0.729816	0.177398	rs12378482	chr9_98586589_C_T	NA
9	GTEx_v10_kidney_cortex	QTD000261	ENSG00000119523	ALG2	98587374	0.000124326	-0.729816	0.177398	rs78316820	chr9_98587374_A_G	NA
9	GTEx_v10_kidney_cortex	QTD000261	ENSG00000119523	ALG2	98587394	0.000124326	-0.729816	0.177398	rs76651577	chr9_98587394_A_G	NA
9	GTEx_v10_kidney_cortex	QTD000261	ENSG00000119523	ALG2	98591189	0.000124326	-0.729816	0.177398	rs10986861	chr9_98591189_A_G	NA
9	GTEx_v10_kidney_cortex	QTD000261	ENSG00000119523	ALG2	98592579	0.000124326	-0.729816	0.177398	rs74756749	chr9_98592579_C_T	NA
9	GTEx_v10_kidney_cortex	QTD000261	ENSG00000119523	ALG2	98594859	0.000124326	-0.729816	0.177398	rs12378806	chr9_98594859_G_T	NA
9	GTEx_v10_kidney_cortex	QTD000261	ENSG00000119523	ALG2	98595359	0.000124326	-0.729816	0.177398	rs117279565	chr9_98595359_T_C	NA
9	GTEx_v10_kidney_cortex	QTD000261	ENSG00000119523	ALG2	98599295	0.000124326	-0.729816	0.177398	rs10986939	chr9_98599295_T_C	NA
9	GTEx_v10_kidney_cortex	QTD000261	ENSG00000119523	ALG2	98601109	0.000124326	-0.729816	0.177398	rs147938887	chr9_98601109_CAAT_C	NA
9	GTEx_v10_kidney_cortex	QTD000261	ENSG00000119523	ALG2	98602387	0.000124326	-0.729816	0.177398	rs141649144	chr9_98602387_G_A	NA
9	GTEx_v10_kidney_cortex	QTD000261	ENSG00000119523	ALG2	98605726	0.000124326	-0.729816	0.177398	rs10986999	chr9_98605726_A_G	NA
9	GTEx_v10_kidney_cortex	QTD000261	ENSG00000119523	ALG2	98607286	0.000124326	-0.729816	0.177398	rs77545309	chr9_98607286_G_A	NA
9	GTEx_v10_kidney_cortex	QTD000261	ENSG00000106803	SEC61B	98871677	0.000154027	1.14625	0.283035	rs57989408	chr9_98871677_A_G	NA
9	GTEx_v10_kidney_cortex	QTD000261	ENSG00000106803	SEC61B	98877487	0.000159476	1.07152	0.265268	rs16917983	chr9_98877487_G_A	NA
9	GTEx_v10_kidney_cortex	QTD000261	ENSG00000119523	ALG2	98682565	0.000237164	-0.803435	0.205006	rs144626935	chr9_98682565_A_G	NA
9	GTEx_v10_kidney_cortex	QTD000261	ENSG00000119523	ALG2	98753590	0.000237164	-0.803435	0.205006	rs10987604	chr9_98753590_C_T	NA
9	GTEx_v10_kidney_cortex	QTD000261	ENSG00000136929	HEMGN	98576664	0.000263812	1.60682	0.413434	rs2808529	chr9_98576664_T_C	NA
9	GTEx_v10_kidney_cortex	QTD000261	ENSG00000227269	LOC105376174	99251972	0.000324312	0.873357	0.228451	rs112857987	chr9_99251972_C_T	NA
9	GTEx_v10_kidney_cortex	QTD000261	ENSG00000165138	ANKS6	99021839	0.000337768	0.453834	0.119105	rs7046498	chr9_99021839_T_A	NA
9	GTEx_v10_kidney_cortex	QTD000261	ENSG00000119508	NR4A3	99309964	0.000350265	-1.12951	0.297307	rs79297035	chr9_99309964_C_T	NA
9	GTEx_v10_kidney_cortex	QTD000261	ENSG00000204291	COL15A1	98487440	0.0003586	1.30944	0.345331	rs77658893	chr9_98487440_C_T	NA
9	GTEx_v10_kidney_cortex	QTD000261	ENSG00000204291	COL15A1	98506361	0.0003586	1.30944	0.345331	rs10986474	chr9_98506361_T_C	NA
9	GTEx_v10_kidney_cortex	QTD000261	ENSG00000119523	ALG2	98683216	0.000390966	-0.722898	0.192006	rs114702043	chr9_98683216_C_T	NA
X	GTEx_v10_kidney_cortex	QTD000261	ENSG00000258545	RHOXF1-AS1	120377267	3.67882e-05	0.607693	0.135927	rs150908538	chrX_120377267_A_G	NA
X	GTEx_v10_kidney_cortex	QTD000261	ENSG00000258545	RHOXF1-AS1	120410688	3.67882e-05	0.607693	0.135927	rs141471778	chrX_120410688_T_C	NA
X	GTEx_v10_kidney_cortex	QTD000261	ENSG00000258545	RHOXF1-AS1	120392700	6.44369e-05	-0.586831	0.136215	rs2110246	chrX_120392700_T_C	NA
X	GTEx_v10_kidney_cortex	QTD000261	ENSG00000125355	TMEM255A	120408982	8.59104e-05	-0.461928	0.109367	rs5910875	chrX_120408982_A_G	NA
X	GTEx_v10_kidney_cortex	QTD000261	ENSG00000258545	RHOXF1-AS1	120408976	0.000108134	-0.586113	0.141043	rs5909717	chrX_120408976_C_T	NA
X	GTEx_v10_kidney_cortex	QTD000261	ENSG00000125355	TMEM255A	120414341	0.000212012	-0.431179	0.10907	rs5957370	chrX_120414341_C_T	NA
X	GTEx_v10_kidney_cortex	QTD000261	ENSG00000125355	TMEM255A	120414951	0.000212012	-0.431179	0.10907	rs6603622	chrX_120414951_T_C	NA
X	GTEx_v10_kidney_cortex	QTD000261	ENSG00000187808	SOWAHD	120268006	0.00022645	-0.82558	0.209901	rs45473600	chrX_120268006_T_C	NA
X	GTEx_v10_kidney_cortex	QTD000261	ENSG00000125352	RNF113A	120256610	0.000275688	-0.385541	0.0995457	rs11537755	chrX_120256610_A_G	NA
X	GTEx_v10_kidney_cortex	QTD000261	ENSG00000125352	RNF113A	120258025	0.000275688	-0.385541	0.0995457	rs1044413	chrX_120258025_G_A	NA
X	GTEx_v10_kidney_cortex	QTD000261	ENSG00000258545	RHOXF1-AS1	120456678	0.000287947	-0.424458	0.109974	rs12097	chrX_120456678_T_A	NA
X	GTEx_v10_kidney_cortex	QTD000261	ENSG00000258545	RHOXF1-AS1	120467014	0.000287947	-0.424458	0.109974	rs6655450	chrX_120467014_C_G	NA
X	GTEx_v10_kidney_cortex	QTD000261	ENSG00000005893	LAMP2	120223522	0.000319439	0.375098	0.0979972	rs7063813	chrX_120223522_G_A	NA
X	GTEx_v10_kidney_cortex	QTD000261	ENSG00000158290	CUL4B	120375777	0.000388774	0.359704	0.0954951	rs5910849	chrX_120375777_C_A	NA
X	GTEx_v10_kidney_cortex	QTD000261	ENSG00000258545	RHOXF1-AS1	120107816	0.000494437	0.523898	0.141921	rs6646569	chrX_120107816_C_T	NA
X	GTEx_v10_kidney_cortex	QTD000261	ENSG00000125355	TMEM255A	120409827	0.000549758	-0.430169	0.117595	rs5909718	chrX_120409827_T_C	NA
X	GTEx_v10_kidney_cortex	QTD000261	ENSG00000125355	TMEM255A	120414854	0.000549758	-0.430169	0.117595	rs7886150	chrX_120414854_A_C	NA
X	GTEx_v10_kidney_cortex	QTD000261	ENSG00000258545	RHOXF1-AS1	120471748	0.000594645	0.417897	0.115022	rs42901	chrX_120471748_T_A	NA
X	GTEx_v10_kidney_cortex	QTD000261	ENSG00000258545	RHOXF1-AS1	120414189	0.000611587	-0.408714	0.112771	rs6646671	chrX_120414189_T_C	NA
X	GTEx_v10_kidney_cortex	QTD000261	ENSG00000258545	RHOXF1-AS1	120417857	0.000611587	-0.408714	0.112771	rs6603623	chrX_120417857_T_G	NA
X	GTEx_v10_kidney_cortex	QTD000261	ENSG00000258545	RHOXF1-AS1	120383970	0.000701997	-0.417838	0.116703	rs80252901	chrX_120383970_T_TG	NA
X	GTEx_v10_kidney_cortex	QTD000261	ENSG00000258545	RHOXF1-AS1	120376289	0.000879008	-0.51573	0.14701	rs3213723	chrX_120376289_C_G	NA
X	GTEx_v10_kidney_cortex	QTD000261	ENSG00000005893	LAMP2	120239143	0.000929821	0.347636	0.0996107	rs5910807	chrX_120239143_A_G	NA
X	GTEx_v10_kidney_cortex	QTD000261	ENSG00000237903		120264450	0.000930157	-0.924518	0.264918	rs200693477	chrX_120264450_A_AG	NA
X	GTEx_v10_kidney_cortex	QTD000261	ENSG00000125355	TMEM255A	120414350	0.000947328	-0.352846	0.101279	rs5957371	chrX_120414350_T_C	NA
7	GTEx_v10_blood	QTD000356	ENSG00000146574	CCZ1B	6845133	9.36275e-80	-0.636072	0.0291496	rs4476910	chr7_6845133_A_C	NA
7	GTEx_v10_blood	QTD000356	ENSG00000146574	CCZ1B	6846984	5.07079e-71	-0.605833	0.029959	rs9691768	chr7_6846984_G_C	NA
7	GTEx_v10_blood	QTD000356	ENSG00000146574	CCZ1B	6830507	9.35675e-68	-0.579742	0.0295526	rs11971998	chr7_6830507_T_C	NA
7	GTEx_v10_blood	QTD000356	ENSG00000146574	CCZ1B	6831004	9.35675e-68	-0.579742	0.0295526	rs10242703	chr7_6831004_G_A	NA
7	GTEx_v10_blood	QTD000356	ENSG00000146574	CCZ1B	6831300	9.35675e-68	-0.579742	0.0295526	rs79513888	chr7_6831300_T_TTTCTC	NA
7	GTEx_v10_blood	QTD000356	ENSG00000146574	CCZ1B	6831301	9.35675e-68	-0.579742	0.0295526	rs62442274	chr7_6831301_A_T	NA
7	GTEx_v10_blood	QTD000356	ENSG00000146574	CCZ1B	6838202	1.24367e-66	-0.574298	0.0295905	rs7807849	chr7_6838202_A_G	NA
7	GTEx_v10_blood	QTD000356	ENSG00000146574	CCZ1B	6829673	1.28532e-66	-0.574104	0.0295846	rs10265409	chr7_6829673_C_T	NA
7	GTEx_v10_blood	QTD000356	ENSG00000146574	CCZ1B	6837552	2.7215e-64	-0.567255	0.0299016	rs6970760	chr7_6837552_A_G	NA
7	GTEx_v10_blood	QTD000356	ENSG00000146574	CCZ1B	6845252	1.64029e-62	-0.56752	0.0304529	rs11978506	chr7_6845252_G_C	NA
7	GTEx_v10_blood	QTD000356	ENSG00000146574	CCZ1B	6845966	4.54495e-60	-0.55135	0.0303378	rs4265086	chr7_6845966_C_T	NA
7	GTEx_v10_blood	QTD000356	ENSG00000146574	CCZ1B	6837888	1.6097e-59	-0.554559	0.0306908	rs7807287	chr7_6837888_A_G	NA
7	GTEx_v10_blood	QTD000356	ENSG00000146574	CCZ1B	6847022	2.72132e-58	-0.551026	0.0308959	rs11533958	chr7_6847022_G_A	NA
7	GTEx_v10_blood	QTD000356	ENSG00000146574	CCZ1B	6846492	4.48811e-58	-0.552265	0.0310377	rs4724878	chr7_6846492_T_C	NA
7	GTEx_v10_blood	QTD000356	ENSG00000146574	CCZ1B	6815290	6.25865e-58	-0.550978	0.0310135	rs200941590	chr7_6815290_A_G	NA
7	GTEx_v10_blood	QTD000356	ENSG00000146574	CCZ1B	6815294	6.25865e-58	-0.550978	0.0310135	rs71524077	chr7_6815294_T_A	NA
7	GTEx_v10_blood	QTD000356	ENSG00000146574	CCZ1B	6847084	1.21025e-57	-0.550278	0.0310701	rs9691310	chr7_6847084_T_C	NA
7	GTEx_v10_blood	QTD000356	ENSG00000146574	CCZ1B	6846728	1.29972e-57	-0.550064	0.0310684	rs9691145	chr7_6846728_A_G	NA
7	GTEx_v10_blood	QTD000356	ENSG00000146574	CCZ1B	6847120	1.34266e-57	-0.549559	0.0310447	rs9690561	chr7_6847120_C_G	NA
7	GTEx_v10_blood	QTD000356	ENSG00000146574	CCZ1B	6845540	1.61986e-57	-0.546751	0.0309133	rs7798575	chr7_6845540_C_T	NA
7	GTEx_v10_blood	QTD000356	ENSG00000146574	CCZ1B	6815311	1.80083e-57	-0.549832	0.031103	rs71524078	chr7_6815311_A_G	NA
7	GTEx_v10_blood	QTD000356	ENSG00000146574	CCZ1B	6847070	1.82221e-57	-0.54931	0.0310752	rs9690556	chr7_6847070_C_T	NA
7	GTEx_v10_blood	QTD000356	ENSG00000146574	CCZ1B	6847128	1.82221e-57	-0.54931	0.0310752	rs11533960	chr7_6847128_C_T	NA
7	GTEx_v10_blood	QTD000356	ENSG00000146574	CCZ1B	6822929	1.02675e-56	-0.527789	0.0301034	rs2952936	chr7_6822929_T_C	NA
7	GTEx_v10_blood	QTD000356	ENSG00000146574	CCZ1B	6842218	1.68068e-56	-0.552746	0.031601	rs13223755	chr7_6842218_T_G	NA
9	GTEx_v10_blood	QTD000356	ENSG00000106799	TGFBR1	99095820	1.40893e-09	-0.246607	0.0401473	rs11388918	chr9_99095820_C_CA	NA
9	GTEx_v10_blood	QTD000356	ENSG00000106799	TGFBR1	99095820	1.40893e-09	-0.246607	0.0401473	rs397808597	chr9_99095820_C_CA	NA
9	GTEx_v10_blood	QTD000356	ENSG00000106799	TGFBR1	99096100	2.33547e-09	-0.246086	0.0406271	rs7034716	chr9_99096100_C_T	NA
9	GTEx_v10_blood	QTD000356	ENSG00000106799	TGFBR1	99102692	2.3391e-09	-0.245458	0.0405252	rs1888223	chr9_99102692_C_A	NA
9	GTEx_v10_blood	QTD000356	ENSG00000106799	TGFBR1	99106460	4.39906e-09	-0.240933	0.0405015	rs10733708	chr9_99106460_G_A	NA
9	GTEx_v10_blood	QTD000356	ENSG00000165138	ANKS6	98799308	3.14226e-07	0.316314	0.0612038	rs79593135	chr9_98799308_G_C	NA
9	GTEx_v10_blood	QTD000356	ENSG00000106799	TGFBR1	99112121	3.44544e-07	-0.197776	0.0384012	rs6478974	chr9_99112121_A_T	NA
9	GTEx_v10_blood	QTD000356	ENSG00000106799	TGFBR1	99169487	3.57905e-07	-0.205654	0.0399885	rs334371	chr9_99169487_G_A	NA
9	GTEx_v10_blood	QTD000356	ENSG00000106799	TGFBR1	99166869	4.73071e-07	-0.206724	0.0406292	rs334365	chr9_99166869_G_A	NA
9	GTEx_v10_blood	QTD000356	ENSG00000106799	TGFBR1	99169474	5.36603e-07	-0.204445	0.0403789	rs334370	chr9_99169474_T_C	NA
9	GTEx_v10_blood	QTD000356	ENSG00000106799	TGFBR1	99113507	6.03986e-07	-0.200494	0.0397829	rs10739778	chr9_99113507_A_C	NA
9	GTEx_v10_blood	QTD000356	ENSG00000106799	TGFBR1	99167444	6.3261e-07	-0.203635	0.0404802	rs334367	chr9_99167444_G_A	NA
9	GTEx_v10_blood	QTD000356	ENSG00000106799	TGFBR1	99159419	9.88492e-07	-0.197413	0.0399547	rs3983364	chr9_99159419_A_ACT	NA
9	GTEx_v10_blood	QTD000356	ENSG00000106799	TGFBR1	99159419	9.88492e-07	-0.197413	0.0399547	rs397775409	chr9_99159419_A_ACT	NA
9	GTEx_v10_blood	QTD000356	ENSG00000165138	ANKS6	98727383	1.0122e-06	-0.212622	0.0430748	rs10760475	chr9_98727383_C_A	NA
9	GTEx_v10_blood	QTD000356	ENSG00000106799	TGFBR1	99166862	1.08337e-06	-0.199526	0.0405347	rs334364	chr9_99166862_C_T	NA
9	GTEx_v10_blood	QTD000356	ENSG00000165138	ANKS6	98728781	1.10136e-06	-0.303094	0.0616171	rs928424	chr9_98728781_T_G	NA
9	GTEx_v10_blood	QTD000356	ENSG00000165138	ANKS6	98728784	1.10136e-06	-0.303094	0.0616171	rs380857	chr9_98728784_C_A	NA
9	GTEx_v10_blood	QTD000356	ENSG00000165138	ANKS6	98726336	1.1021e-06	-0.212243	0.0431487	rs6478839	chr9_98726336_C_T	NA
9	GTEx_v10_blood	QTD000356	ENSG00000165138	ANKS6	98723791	1.31211e-06	-0.210513	0.0431085	rs4078676	chr9_98723791_C_A	NA
9	GTEx_v10_blood	QTD000356	ENSG00000165138	ANKS6	98800632	1.36821e-06	-0.193035	0.0395987	rs4743281	chr9_98800632_C_T	NA
9	GTEx_v10_blood	QTD000356	ENSG00000165138	ANKS6	98796162	1.40022e-06	0.301743	0.0619588	rs76903503	chr9_98796162_G_A	NA
9	GTEx_v10_blood	QTD000356	ENSG00000165138	ANKS6	98817109	1.42707e-06	-0.199713	0.0410412	rs4743282	chr9_98817109_G_A	NA
9	GTEx_v10_blood	QTD000356	ENSG00000165138	ANKS6	98784438	1.66445e-06	-0.19177	0.0396667	rs5899358	chr9_98784438_CAGA_C	NA
9	GTEx_v10_blood	QTD000356	ENSG00000165138	ANKS6	98784438	1.66445e-06	-0.19177	0.0396667	rs58016033	chr9_98784438_CAGA_C	NA
X	GTEx_v10_blood	QTD000356	ENSG00000101883	RHOXF1	120135258	3.07806e-26	-0.699343	0.0631613	rs6646577	chrX_120135258_G_A	NA
X	GTEx_v10_blood	QTD000356	ENSG00000101883	RHOXF1	120128550	6.5067e-26	-0.693892	0.063124	rs6646575	chrX_120128550_G_A	NA
X	GTEx_v10_blood	QTD000356	ENSG00000101883	RHOXF1	120135319	6.5067e-26	-0.693892	0.063124	rs6645622	chrX_120135319_A_G	NA
X	GTEx_v10_blood	QTD000356	ENSG00000101883	RHOXF1	120144062	6.5067e-26	-0.693892	0.063124	rs6645627	chrX_120144062_C_T	NA
X	GTEx_v10_blood	QTD000356	ENSG00000101883	RHOXF1	120144863	6.93737e-26	-0.684125	0.0622743	rs5909686	chrX_120144863_G_C	NA
X	GTEx_v10_blood	QTD000356	ENSG00000101883	RHOXF1	120144952	6.93737e-26	-0.684125	0.0622743	rs5910773	chrX_120144952_A_G	NA
X	GTEx_v10_blood	QTD000356	ENSG00000101883	RHOXF1	120147364	6.93737e-26	-0.684125	0.0622743	rs5909687	chrX_120147364_A_G	NA
X	GTEx_v10_blood	QTD000356	ENSG00000101883	RHOXF1	120126010	1.06435e-25	-0.687329	0.062828	rs2159569	chrX_120126010_T_A	NA
X	GTEx_v10_blood	QTD000356	ENSG00000101883	RHOXF1	120129197	1.06435e-25	-0.687329	0.062828	rs5956188	chrX_120129197_A_G	NA
X	GTEx_v10_blood	QTD000356	ENSG00000101883	RHOXF1	120131233	4.32303e-24	-0.637358	0.0604843	rs6645621	chrX_120131233_G_A	NA
X	GTEx_v10_blood	QTD000356	ENSG00000101883	RHOXF1	120140442	4.32303e-24	-0.637358	0.0604843	rs2361183	chrX_120140442_C_T	NA
X	GTEx_v10_blood	QTD000356	ENSG00000101883	RHOXF1	120140992	4.32303e-24	-0.637358	0.0604843	rs6645624	chrX_120140992_A_G	NA
X	GTEx_v10_blood	QTD000356	ENSG00000101883	RHOXF1	120179501	1.08698e-23	-0.680196	0.0651791	rs5910789	chrX_120179501_C_T	NA
X	GTEx_v10_blood	QTD000356	ENSG00000101883	RHOXF1	120166099	1.61545e-23	-0.667519	0.0642348	rs6646556	chrX_120166099_C_T	NA
X	GTEx_v10_blood	QTD000356	ENSG00000101883	RHOXF1	120179051	2.21414e-22	-0.672534	0.0666	rs5910788	chrX_120179051_C_T	NA
X	GTEx_v10_blood	QTD000356	ENSG00000101883	RHOXF1	120141205	2.1355e-21	-0.573641	0.0583039	rs5910771	chrX_120141205_C_T	NA
X	GTEx_v10_blood	QTD000356	ENSG00000101883	RHOXF1	120115974	3.42434e-18	-0.450041	0.0502435	rs6646572	chrX_120115974_G_A	NA
X	GTEx_v10_blood	QTD000356	ENSG00000101883	RHOXF1	120107816	5.25388e-18	-0.433222	0.0486543	rs6646569	chrX_120107816_C_T	NA
X	GTEx_v10_blood	QTD000356	ENSG00000101883	RHOXF1	120162926	1.82998e-17	-0.657913	0.0752088	rs6646600	chrX_120162926_T_A	NA
X	GTEx_v10_blood	QTD000356	ENSG00000101883	RHOXF1	120140526	1.31398e-14	-0.316671	0.0401588	rs2361184	chrX_120140526_T_C	NA
X	GTEx_v10_blood	QTD000356	ENSG00000101883	RHOXF1	120143101	1.31398e-14	-0.316671	0.0401588	rs5909685	chrX_120143101_G_C	NA
X	GTEx_v10_blood	QTD000356	ENSG00000101883	RHOXF1	120139510	1.0417e-13	-0.305082	0.0401519	rs6646581	chrX_120139510_A_G	NA
X	GTEx_v10_blood	QTD000356	ENSG00000101883	RHOXF1	120139972	1.0417e-13	-0.305082	0.0401519	rs5910770	chrX_120139972_C_T	NA
X	GTEx_v10_blood	QTD000356	ENSG00000101883	RHOXF1	120132873	1.07597e-13	-0.304471	0.0400955	rs7892039	chrX_120132873_C_T	NA
X	GTEx_v10_blood	QTD000356	ENSG00000101883	RHOXF1	120140727	2.27206e-13	-0.303125	0.040483	rs2361185	chrX_120140727_T_C	NA
7	OneK1K_B_intermediate	QTD000606	ENSG00000146574	CCZ1B	6840356	1.47507e-08	-0.434731	0.0760889	rs6967046	chr7_6840356_C_T	0.47686
7	OneK1K_B_intermediate	QTD000606	ENSG00000122674	CCZ1	6845133	1.9525e-08	0.26378	0.0465717	rs4476910	chr7_6845133_A_C	0.80874
7	OneK1K_B_intermediate	QTD000606	ENSG00000146574	CCZ1B	6834642	2.56721e-08	-0.406949	0.072472	rs4724860	chr7_6834642_G_A	0.51437
7	OneK1K_B_intermediate	QTD000606	ENSG00000122674	CCZ1	6845252	3.01173e-08	0.261585	0.046823	rs11978506	chr7_6845252_G_C	0.81618
7	OneK1K_B_intermediate	QTD000606	ENSG00000122674	CCZ1	6846984	3.30727e-08	0.26977	0.0484338	rs9691768	chr7_6846984_G_C	0.74472
7	OneK1K_B_intermediate	QTD000606	ENSG00000122674	CCZ1	6831300	4.28776e-08	0.246915	0.0447068	rs79513888	chr7_6831300_T_TTTCTC	0.89439
7	OneK1K_B_intermediate	QTD000606	ENSG00000122674	CCZ1	6831301	4.28776e-08	0.246915	0.0447068	rs62442274	chr7_6831301_A_T	0.89439
7	OneK1K_B_intermediate	QTD000606	ENSG00000122674	CCZ1	6829673	4.5545e-08	0.248058	0.0450029	rs10265409	chr7_6829673_C_T	0.88462
7	OneK1K_B_intermediate	QTD000606	ENSG00000122674	CCZ1	6831004	4.60991e-08	0.232378	0.042175	rs10242703	chr7_6831004_G_A	0.98629
7	OneK1K_B_intermediate	QTD000606	ENSG00000122674	CCZ1	6838202	4.76271e-08	0.24782	0.045026	rs7807849	chr7_6838202_A_G	0.88314
7	OneK1K_B_intermediate	QTD000606	ENSG00000122674	CCZ1	6845966	4.78954e-08	0.259843	0.0472192	rs4265086	chr7_6845966_C_T	0.7939
7	OneK1K_B_intermediate	QTD000606	ENSG00000122674	CCZ1	6830507	5.24171e-08	0.247916	0.0451867	rs11971998	chr7_6830507_T_C	0.87348
7	OneK1K_B_intermediate	QTD000606	ENSG00000122674	CCZ1	6837552	5.41835e-08	0.250579	0.0457225	rs6970760	chr7_6837552_A_G	0.85584
7	OneK1K_B_intermediate	QTD000606	ENSG00000122674	CCZ1	6845540	5.43199e-08	0.262573	0.047915	rs7798575	chr7_6845540_C_T	0.77419
7	OneK1K_B_intermediate	QTD000606	ENSG00000122674	CCZ1	6846728	5.46504e-08	0.266674	0.0486731	rs9691145	chr7_6846728_A_G	0.75382
7	OneK1K_B_intermediate	QTD000606	ENSG00000122674	CCZ1	6847022	5.6364e-08	0.267267	0.0488316	rs11533958	chr7_6847022_G_A	0.7495
7	OneK1K_B_intermediate	QTD000606	ENSG00000122674	CCZ1	6847120	5.779e-08	0.2659	0.0486224	rs9690561	chr7_6847120_C_G	0.7547
7	OneK1K_B_intermediate	QTD000606	ENSG00000122674	CCZ1	6847084	5.78431e-08	0.266005	0.0486431	rs9691310	chr7_6847084_T_C	0.75391
7	OneK1K_B_intermediate	QTD000606	ENSG00000122674	CCZ1	6846492	5.81127e-08	0.265889	0.0486294	rs4724878	chr7_6846492_T_C	0.75471
7	OneK1K_B_intermediate	QTD000606	ENSG00000122674	CCZ1	6847070	5.81198e-08	0.266121	0.0486721	rs9690556	chr7_6847070_C_T	0.7534
7	OneK1K_B_intermediate	QTD000606	ENSG00000122674	CCZ1	6847128	5.87327e-08	0.265848	0.0486391	rs11533960	chr7_6847128_C_T	0.75426
7	OneK1K_B_intermediate	QTD000606	ENSG00000122674	CCZ1	6840356	8.54012e-08	0.398478	0.0738351	rs6967046	chr7_6840356_C_T	0.47686
7	OneK1K_B_intermediate	QTD000606	ENSG00000122674	CCZ1	6823550	9.71269e-08	0.442714	0.0823957	rs4724857	chr7_6823550_G_A	0.43026
7	OneK1K_B_intermediate	QTD000606	ENSG00000122674	CCZ1	6834642	9.90612e-08	0.377448	0.0702965	rs4724860	chr7_6834642_G_A	0.51437
7	OneK1K_B_intermediate	QTD000606	ENSG00000122674	CCZ1	6825175	1.1458e-07	0.448786	0.0840066	rs62442271	chr7_6825175_C_T	0.42841
9	OneK1K_B_intermediate	QTD000606	ENSG00000106803	SEC61B	99254260	1.68258e-11	-0.455049	0.0667916	rs74323559	chr9_99254260_G_T	0.8585
9	OneK1K_B_intermediate	QTD000606	ENSG00000106803	SEC61B	99226135	2.33199e-11	-0.383737	0.0567356	rs79921683	chr9_99226135_A_G	0.97021
9	OneK1K_B_intermediate	QTD000606	ENSG00000106803	SEC61B	99237078	2.35953e-11	-0.395564	0.0584996	rs75085864	chr9_99237078_G_A	0.91427
9	OneK1K_B_intermediate	QTD000606	ENSG00000106803	SEC61B	99223636	2.40938e-11	-0.379929	0.0562137	rs113230619	chr9_99223636_T_TC	0.98023
9	OneK1K_B_intermediate	QTD000606	ENSG00000106803	SEC61B	99225478	2.47952e-11	-0.382666	0.0566551	rs3780616	chr9_99225478_G_A	0.97219
9	OneK1K_B_intermediate	QTD000606	ENSG00000106803	SEC61B	99228350	2.50993e-11	-0.385904	0.0571502	rs74702630	chr9_99228350_T_G	0.96134
9	OneK1K_B_intermediate	QTD000606	ENSG00000106803	SEC61B	99226449	2.52191e-11	-0.382555	0.0566604	rs17725470	chr9_99226449_C_G	0.97119
9	OneK1K_B_intermediate	QTD000606	ENSG00000106803	SEC61B	99228570	2.6103e-11	-0.38773	0.0574714	rs75488135	chr9_99228570_G_A	0.95792
9	OneK1K_B_intermediate	QTD000606	ENSG00000106803	SEC61B	99230086	2.67056e-11	-0.384813	0.0570683	rs79907397	chr9_99230086_G_T	0.96329
9	OneK1K_B_intermediate	QTD000606	ENSG00000106803	SEC61B	99232378	2.70646e-11	-0.394891	0.0585805	rs75981687	chr9_99232378_G_A	0.92504
9	OneK1K_B_intermediate	QTD000606	ENSG00000106803	SEC61B	99226828	2.7169e-11	-0.384701	0.0570738	rs75668500	chr9_99226828_T_C	0.9623
9	OneK1K_B_intermediate	QTD000606	ENSG00000106803	SEC61B	99227663	2.7169e-11	-0.384701	0.0570738	rs78924437	chr9_99227663_A_G	0.9623
9	OneK1K_B_intermediate	QTD000606	ENSG00000106803	SEC61B	99227771	2.7169e-11	-0.384701	0.0570738	rs17787503	chr9_99227771_A_G	0.9623
9	OneK1K_B_intermediate	QTD000606	ENSG00000106803	SEC61B	99228061	2.7169e-11	-0.384701	0.0570738	rs113403897	chr9_99228061_A_G	0.9623
9	OneK1K_B_intermediate	QTD000606	ENSG00000106803	SEC61B	99228315	2.7169e-11	-0.384701	0.0570738	rs17787533	chr9_99228315_A_T	0.9623
9	OneK1K_B_intermediate	QTD000606	ENSG00000106803	SEC61B	99228485	2.7169e-11	-0.384701	0.0570738	rs76292780	chr9_99228485_A_C	0.9623
9	OneK1K_B_intermediate	QTD000606	ENSG00000106803	SEC61B	99237711	2.87849e-11	-0.394047	0.0585368	rs75936930	chr9_99237711_A_G	0.91894
9	OneK1K_B_intermediate	QTD000606	ENSG00000106803	SEC61B	99237116	2.87887e-11	-0.394193	0.0585586	rs17725644	chr9_99237116_T_G	0.91412
9	OneK1K_B_intermediate	QTD000606	ENSG00000106803	SEC61B	99235326	2.88562e-11	-0.394164	0.0585574	rs113280382	chr9_99235326_G_GT	0.91401
9	OneK1K_B_intermediate	QTD000606	ENSG00000106803	SEC61B	99237725	2.88843e-11	-0.394024	0.058538	rs77904137	chr9_99237725_G_T	0.91878
9	OneK1K_B_intermediate	QTD000606	ENSG00000106803	SEC61B	99233128	2.8898e-11	-0.393757	0.0584989	rs77454913	chr9_99233128_A_G	0.92532
9	OneK1K_B_intermediate	QTD000606	ENSG00000106803	SEC61B	99234969	2.90578e-11	-0.393699	0.0584977	rs74991669	chr9_99234969_T_C	0.92563
9	OneK1K_B_intermediate	QTD000606	ENSG00000106803	SEC61B	99236087	2.90578e-11	-0.393699	0.0584977	rs78131685	chr9_99236087_C_T	0.92563
9	OneK1K_B_intermediate	QTD000606	ENSG00000106803	SEC61B	99236508	2.90578e-11	-0.393699	0.0584977	rs113748038	chr9_99236508_C_CT	0.92563
9	OneK1K_B_intermediate	QTD000606	ENSG00000106803	SEC61B	99231382	2.9462e-11	-0.395807	0.0588292	rs75519542	chr9_99231382_A_T	0.92408
X	OneK1K_B_intermediate	QTD000606	ENSG00000233382	NKAPP1	120389026	6.93093e-05	-0.26195	0.0655515	rs5910859	chrX_120389026_G_A	0.49033
X	OneK1K_B_intermediate	QTD000606	ENSG00000233382	NKAPP1	120377208	0.000102723	-0.275163	0.0705484	rs5909707	chrX_120377208_G_T	0.5043
X	OneK1K_B_intermediate	QTD000606	ENSG00000233382	NKAPP1	120407504	0.000184941	0.837381	0.223103	rs5957368	chrX_120407504_A_T	0.50437
X	OneK1K_B_intermediate	QTD000606	ENSG00000233382	NKAPP1	120391481	0.000283756	0.746837	0.205001	rs1245790420	chrX_120391481_TCACACACA_T	0.80254
X	OneK1K_B_intermediate	QTD000606	ENSG00000233382	NKAPP1	120391481	0.000283756	0.746837	0.205001	rs547372818	chrX_120391481_TCACACACA_T	0.80254
X	OneK1K_B_intermediate	QTD000606	ENSG00000125354	SEPTIN6	120245794	0.000377143	0.535045	0.149947	rs181718429	chrX_120245794_C_T	0.6465
X	OneK1K_B_intermediate	QTD000606	ENSG00000233382	NKAPP1	120397152	0.000465728	0.705395	0.200864	rs5956209	chrX_120397152_T_C	0.81618
X	OneK1K_B_intermediate	QTD000606	ENSG00000233382	NKAPP1	120386369	0.000516523	0.699077	0.200663	rs138148882	chrX_120386369_A_G	0.82619
X	OneK1K_B_intermediate	QTD000606	ENSG00000233382	NKAPP1	120396005	0.000524212	0.670834	0.192778	rs5956208	chrX_120396005_C_T	0.81563
X	OneK1K_B_intermediate	QTD000606	ENSG00000233382	NKAPP1	120386830	0.000580316	0.664805	0.192577	rs75655506	chrX_120386830_G_C	0.82478
X	OneK1K_B_intermediate	QTD000606	ENSG00000233382	NKAPP1	120385961	0.000581065	0.664728	0.192574	rs5957363	chrX_120385961_T_G	0.82478
X	OneK1K_B_intermediate	QTD000606	ENSG00000233382	NKAPP1	120376345	0.00105379	0.772286	0.23504	rs200143417	chrX_120376345_T_TA	0.72025
X	OneK1K_B_intermediate	QTD000606	ENSG00000233382	NKAPP1	120385302	0.00111972	0.666429	0.203898	rs144319661	chrX_120385302_G_A	0.91574
X	OneK1K_B_intermediate	QTD000606	ENSG00000233382	NKAPP1	120390788	0.0011301	0.667115	0.204273	rs75971668	chrX_120390788_C_T	0.90385
X	OneK1K_B_intermediate	QTD000606	ENSG00000233382	NKAPP1	120388105	0.00113057	0.666703	0.204155	rs189699482	chrX_120388105_T_C	0.90417
X	OneK1K_B_intermediate	QTD000606	ENSG00000233382	NKAPP1	120386497	0.00114382	0.66552	0.204001	rs138647899	chrX_120386497_G_A	0.90481
X	OneK1K_B_intermediate	QTD000606	ENSG00000233382	NKAPP1	120386701	0.00114382	0.66552	0.204001	rs141773681	chrX_120386701_G_T	0.90481
X	OneK1K_B_intermediate	QTD000606	ENSG00000005893	LAMP2	120744788	0.0013582	0.272286	0.0847508	rs149410431	chrX_120744788_C_T	0.98408
X	OneK1K_B_intermediate	QTD000606	ENSG00000233382	NKAPP1	120408776	0.00139463	-0.209107	0.0652423	rs5909716	chrX_120408776_G_T	0.58714
X	OneK1K_B_intermediate	QTD000606	ENSG00000005022	SLC25A5	120319269	0.0016679	0.178531	0.0566286	rs141780459	chrX_120319269_TCTCA_T	0.80508
X	OneK1K_B_intermediate	QTD000606	ENSG00000233382	NKAPP1	120376289	0.00166953	-0.245428	0.077855	rs3213723	chrX_120376289_C_G	0.41563
X	OneK1K_B_intermediate	QTD000606	ENSG00000233382	NKAPP1	120292342	0.00180481	0.495798	0.158436	rs187154896	chrX_120292342_G_T	0.9833
X	OneK1K_B_intermediate	QTD000606	ENSG00000077721	UBE2A	120328302	0.00216355	0.135151	0.0439499	rs62614163	chrX_120328302_C_A	0.64756
X	OneK1K_B_intermediate	QTD000606	ENSG00000125354	SEPTIN6	120205951	0.00224794	0.34247	0.111788	rs142426389	chrX_120205951_T_C	0.84312
X	OneK1K_B_intermediate	QTD000606	ENSG00000125351	UPF3B	120410507	0.00249245	-0.359681	0.118619	rs1434380948	chrX_120410507_T_TCACA	0.41842
7	OneK1K_B_memory	QTD000607	ENSG00000146574	CCZ1B	6834642	2.93557e-11	-0.489242	0.0727141	rs4724860	chr7_6834642_G_A	0.51437
7	OneK1K_B_memory	QTD000607	ENSG00000146574	CCZ1B	6840356	4.03254e-11	-0.51026	0.0763889	rs6967046	chr7_6840356_C_T	0.47686
7	OneK1K_B_memory	QTD000607	ENSG00000146574	CCZ1B	6827744	3.39324e-10	-0.446016	0.0702842	rs6966885	chr7_6827744_G_T	0.41704
7	OneK1K_B_memory	QTD000607	ENSG00000122674	CCZ1	6845133	6.73599e-09	0.269864	0.0461333	rs4476910	chr7_6845133_A_C	0.80874
7	OneK1K_B_memory	QTD000607	ENSG00000122674	CCZ1	6829673	1.65455e-08	0.254174	0.0446465	rs10265409	chr7_6829673_C_T	0.88462
7	OneK1K_B_memory	QTD000607	ENSG00000122674	CCZ1	6831300	1.71053e-08	0.252279	0.0443594	rs79513888	chr7_6831300_T_TTTCTC	0.89439
7	OneK1K_B_memory	QTD000607	ENSG00000122674	CCZ1	6831301	1.71053e-08	0.252279	0.0443594	rs62442274	chr7_6831301_A_T	0.89439
7	OneK1K_B_memory	QTD000607	ENSG00000146574	CCZ1B	6847538	1.7315e-08	-0.322054	0.0566498	rs9691192	chr7_6847538_A_G	0.60605
7	OneK1K_B_memory	QTD000607	ENSG00000122674	CCZ1	6838202	1.77351e-08	0.253781	0.0446738	rs7807849	chr7_6838202_A_G	0.88314
7	OneK1K_B_memory	QTD000607	ENSG00000122674	CCZ1	6846984	1.93652e-08	0.271732	0.047965	rs9691768	chr7_6846984_G_C	0.74472
7	OneK1K_B_memory	QTD000607	ENSG00000122674	CCZ1	6837552	2.00902e-08	0.256685	0.0453611	rs6970760	chr7_6837552_A_G	0.85584
7	OneK1K_B_memory	QTD000607	ENSG00000122674	CCZ1	6831004	2.1308e-08	0.23639	0.041852	rs10242703	chr7_6831004_G_A	0.98629
7	OneK1K_B_memory	QTD000607	ENSG00000122674	CCZ1	6830507	2.2994e-08	0.252654	0.0448389	rs11971998	chr7_6830507_T_C	0.87348
7	OneK1K_B_memory	QTD000607	ENSG00000122674	CCZ1	6820141	2.46499e-08	0.279169	0.0496538	rs71010918	chr7_6820141_C_CA	0.70652
7	OneK1K_B_memory	QTD000607	ENSG00000122674	CCZ1	6845252	2.8343e-08	0.260262	0.0464972	rs11978506	chr7_6845252_G_C	0.81618
7	OneK1K_B_memory	QTD000607	ENSG00000122674	CCZ1	6845966	2.9585e-08	0.26172	0.0468219	rs4265086	chr7_6845966_C_T	0.7939
7	OneK1K_B_memory	QTD000607	ENSG00000122674	CCZ1	6846728	2.97573e-08	0.269786	0.0482739	rs9691145	chr7_6846728_A_G	0.75382
7	OneK1K_B_memory	QTD000607	ENSG00000146574	CCZ1B	6846984	3.17173e-08	-0.281194	0.0504185	rs9691768	chr7_6846984_G_C	0.74472
7	OneK1K_B_memory	QTD000607	ENSG00000146574	CCZ1B	6823550	4.90043e-08	-0.473533	0.0861194	rs4724857	chr7_6823550_G_A	0.43026
7	OneK1K_B_memory	QTD000607	ENSG00000146574	CCZ1B	6819822	5.23565e-08	-0.470874	0.085824	rs145992513	chr7_6819822_C_G	0.43115
7	OneK1K_B_memory	QTD000607	ENSG00000122674	CCZ1	6845540	5.7243e-08	0.260087	0.0475459	rs7798575	chr7_6845540_C_T	0.77419
7	OneK1K_B_memory	QTD000607	ENSG00000122674	CCZ1	6847120	5.79667e-08	0.263807	0.0482461	rs9690561	chr7_6847120_C_G	0.7547
7	OneK1K_B_memory	QTD000607	ENSG00000122674	CCZ1	6847084	5.8242e-08	0.263879	0.0482671	rs9691310	chr7_6847084_T_C	0.75391
7	OneK1K_B_memory	QTD000607	ENSG00000122674	CCZ1	6847070	5.82923e-08	0.264027	0.0482955	rs9690556	chr7_6847070_C_T	0.7534
7	OneK1K_B_memory	QTD000607	ENSG00000122674	CCZ1	6847128	5.84356e-08	0.26382	0.0482615	rs11533960	chr7_6847128_C_T	0.75426
9	OneK1K_B_memory	QTD000607	ENSG00000106803	SEC61B	99195776	1.73559e-09	-0.433657	0.0713338	rs1491514043	chr9_99195776_A_AT	0.8744
9	OneK1K_B_memory	QTD000607	ENSG00000106803	SEC61B	99184503	3.39553e-09	-0.408281	0.0684277	rs10988740	chr9_99184503_C_T	0.92748
9	OneK1K_B_memory	QTD000607	ENSG00000106803	SEC61B	99183663	4.27647e-09	-0.384717	0.0649043	rs10114715	chr9_99183663_G_A	0.91271
9	OneK1K_B_memory	QTD000607	ENSG00000106803	SEC61B	99179115	5.52957e-09	-0.384291	0.0653161	rs74812034	chr9_99179115_G_A	0.9629
9	OneK1K_B_memory	QTD000607	ENSG00000106803	SEC61B	99179442	5.82002e-09	-0.38642	0.065776	rs79399749	chr9_99179442_C_T	0.95753
9	OneK1K_B_memory	QTD000607	ENSG00000106803	SEC61B	99237078	6.87089e-09	-0.361218	0.0617864	rs75085864	chr9_99237078_G_A	0.91427
9	OneK1K_B_memory	QTD000607	ENSG00000106803	SEC61B	99233128	7.43613e-09	-0.360394	0.0617897	rs77454913	chr9_99233128_A_G	0.92532
9	OneK1K_B_memory	QTD000607	ENSG00000106803	SEC61B	99234969	7.45421e-09	-0.36036	0.0617883	rs74991669	chr9_99234969_T_C	0.92563
9	OneK1K_B_memory	QTD000607	ENSG00000106803	SEC61B	99236087	7.45421e-09	-0.36036	0.0617883	rs78131685	chr9_99236087_C_T	0.92563
9	OneK1K_B_memory	QTD000607	ENSG00000106803	SEC61B	99236508	7.45421e-09	-0.36036	0.0617883	rs113748038	chr9_99236508_C_CT	0.92563
9	OneK1K_B_memory	QTD000607	ENSG00000106803	SEC61B	99214710	7.62364e-09	-0.347578	0.0596362	rs10819642	chr9_99214710_T_C	0.86027
9	OneK1K_B_memory	QTD000607	ENSG00000106803	SEC61B	99232378	7.67438e-09	-0.360592	0.0618814	rs75981687	chr9_99232378_G_A	0.92504
9	OneK1K_B_memory	QTD000607	ENSG00000106803	SEC61B	99237711	8.01615e-09	-0.359855	0.0618348	rs75936930	chr9_99237711_A_G	0.91894
9	OneK1K_B_memory	QTD000607	ENSG00000106803	SEC61B	99237725	8.11694e-09	-0.35973	0.0618363	rs77904137	chr9_99237725_G_T	0.91878
9	OneK1K_B_memory	QTD000607	ENSG00000106803	SEC61B	99183545	8.21013e-09	-0.375407	0.0645531	rs12336513	chr9_99183545_G_A	0.96743
9	OneK1K_B_memory	QTD000607	ENSG00000106803	SEC61B	99232085	8.34468e-09	-0.359226	0.0618005	rs78761700	chr9_99232085_T_G	0.92492
9	OneK1K_B_memory	QTD000607	ENSG00000106803	SEC61B	99232490	8.34468e-09	-0.359226	0.0618005	rs74889375	chr9_99232490_T_G	0.92492
9	OneK1K_B_memory	QTD000607	ENSG00000106803	SEC61B	99230086	8.64974e-09	-0.350115	0.0602976	rs79907397	chr9_99230086_G_T	0.96329
9	OneK1K_B_memory	QTD000607	ENSG00000106803	SEC61B	99235326	8.72756e-09	-0.359085	0.0618591	rs113280382	chr9_99235326_G_GT	0.91401
9	OneK1K_B_memory	QTD000607	ENSG00000106803	SEC61B	99237116	8.76023e-09	-0.359055	0.0618608	rs17725644	chr9_99237116_T_G	0.91412
9	OneK1K_B_memory	QTD000607	ENSG00000106803	SEC61B	99220674	8.87793e-09	-0.346829	0.0597782	rs112374143	chr9_99220674_A_AAAGAAGT	0.96625
9	OneK1K_B_memory	QTD000607	ENSG00000106803	SEC61B	99225478	8.88103e-09	-0.34735	0.0598687	rs3780616	chr9_99225478_G_A	0.97219
9	OneK1K_B_memory	QTD000607	ENSG00000106803	SEC61B	99223636	9.53198e-09	-0.343965	0.0594109	rs113230619	chr9_99223636_T_TC	0.98023
9	OneK1K_B_memory	QTD000607	ENSG00000106803	SEC61B	99205132	9.54205e-09	-0.350618	0.060562	rs113328431	chr9_99205132_A_G	0.96624
9	OneK1K_B_memory	QTD000607	ENSG00000106803	SEC61B	99236552	9.66634e-09	-0.357077	0.0617017	rs1384635044	chr9_99236552_T_TG	0.89864
X	OneK1K_B_memory	QTD000607	ENSG00000005893	LAMP2	120454954	2.33868e-06	-0.189555	0.0399038	rs2370167	chrX_120454954_C_T	0.8204
X	OneK1K_B_memory	QTD000607	ENSG00000005893	LAMP2	120408982	1.33467e-05	-0.232373	0.0530905	rs5910875	chrX_120408982_A_G	0.71233
X	OneK1K_B_memory	QTD000607	ENSG00000005893	LAMP2	120454934	2.04511e-05	-0.170831	0.0399037	rs759566795	chrX_120454934_G_GATATAT	0.8577
X	OneK1K_B_memory	QTD000607	ENSG00000005893	LAMP2	120401089	2.2628e-05	-0.174109	0.0408888	rs66992846	chrX_120401089_G_C	0.87401
X	OneK1K_B_memory	QTD000607	ENSG00000005893	LAMP2	120415640	2.4121e-05	-0.21121	0.0497724	rs113302528	chrX_120415640_C_CTCCT	0.81137
X	OneK1K_B_memory	QTD000607	ENSG00000005893	LAMP2	120415640	2.4121e-05	-0.21121	0.0497724	rs57411008	chrX_120415640_C_CTCCT	0.81137
X	OneK1K_B_memory	QTD000607	ENSG00000005893	LAMP2	120415640	2.4121e-05	-0.21121	0.0497724	rs34206944	chrX_120415640_C_CTCCT	0.81137
X	OneK1K_B_memory	QTD000607	ENSG00000005893	LAMP2	120415640	2.4121e-05	-0.21121	0.0497724	rs753582301	chrX_120415640_C_CTCCT	0.81137
X	OneK1K_B_memory	QTD000607	ENSG00000005893	LAMP2	120415640	2.4121e-05	-0.21121	0.0497724	rs397967322	chrX_120415640_C_CTCCT	0.81137
X	OneK1K_B_memory	QTD000607	ENSG00000005893	LAMP2	120402305	2.49052e-05	-0.173294	0.0409078	rs59570575	chrX_120402305_C_T	0.87152
X	OneK1K_B_memory	QTD000607	ENSG00000005893	LAMP2	120406965	2.59518e-05	-0.173554	0.0410606	rs66917610	chrX_120406965_C_A	0.86709
X	OneK1K_B_memory	QTD000607	ENSG00000005893	LAMP2	120471748	2.64346e-05	0.20993	0.0497164	rs42901	chrX_120471748_T_A	0.88403
X	OneK1K_B_memory	QTD000607	ENSG00000005893	LAMP2	120472133	3.07047e-05	0.211845	0.0505832	rs42903	chrX_120472133_G_T	0.91481
X	OneK1K_B_memory	QTD000607	ENSG00000005893	LAMP2	120411281	3.20508e-05	-0.21403	0.0512262	rs60271945	chrX_120411281_C_CT	0.78679
X	OneK1K_B_memory	QTD000607	ENSG00000005893	LAMP2	120475708	3.41693e-05	-0.565213	0.135761	rs753023623	chrX_120475708_TTTTATTTTAC_T	0.45115
X	OneK1K_B_memory	QTD000607	ENSG00000005893	LAMP2	120408976	3.43223e-05	-0.264642	0.0635815	rs5909717	chrX_120408976_C_T	0.60495
X	OneK1K_B_memory	QTD000607	ENSG00000005893	LAMP2	120455944	3.43603e-05	-0.160155	0.0384804	rs757017836	chrX_120455944_C_CA	0.89062
X	OneK1K_B_memory	QTD000607	ENSG00000005893	LAMP2	120455944	3.43603e-05	-0.160155	0.0384804	rs869092782	chrX_120455944_C_CA	0.89062
X	OneK1K_B_memory	QTD000607	ENSG00000005893	LAMP2	120455944	3.43603e-05	-0.160155	0.0384804	rs57747255	chrX_120455944_C_CA	0.89062
X	OneK1K_B_memory	QTD000607	ENSG00000005893	LAMP2	120455944	3.43603e-05	-0.160155	0.0384804	rs199604815	chrX_120455944_C_CA	0.89062
X	OneK1K_B_memory	QTD000607	ENSG00000005893	LAMP2	120414854	4.0286e-05	-0.210907	0.0511307	rs7886150	chrX_120414854_A_C	0.81243
X	OneK1K_B_memory	QTD000607	ENSG00000005893	LAMP2	120414951	4.16778e-05	-0.209013	0.0507695	rs6603622	chrX_120414951_T_C	0.82039
X	OneK1K_B_memory	QTD000607	ENSG00000005893	LAMP2	120414341	4.21805e-05	-0.208905	0.0507779	rs5957370	chrX_120414341_C_T	0.82032
X	OneK1K_B_memory	QTD000607	ENSG00000005893	LAMP2	120409827	4.38332e-05	-0.210956	0.0513894	rs5909718	chrX_120409827_T_C	0.8035
X	OneK1K_B_memory	QTD000607	ENSG00000005893	LAMP2	120418031	4.46312e-05	-0.207587	0.0506208	rs5910880	chrX_120418031_A_G	0.82629
7	OneK1K_B_naive	QTD000608	ENSG00000122674	CCZ1	6845133	1.1595e-15	0.38464	0.0472204	rs4476910	chr7_6845133_A_C	0.80874
7	OneK1K_B_naive	QTD000608	ENSG00000122674	CCZ1	6830507	1.80777e-15	0.370458	0.0458032	rs11971998	chr7_6830507_T_C	0.87348
7	OneK1K_B_naive	QTD000608	ENSG00000122674	CCZ1	6845252	2.09244e-15	0.38335	0.047509	rs11978506	chr7_6845252_G_C	0.81618
7	OneK1K_B_naive	QTD000608	ENSG00000122674	CCZ1	6831004	2.2078e-15	0.34476	0.0427636	rs10242703	chr7_6831004_G_A	0.98629
7	OneK1K_B_naive	QTD000608	ENSG00000122674	CCZ1	6831300	2.43292e-15	0.364971	0.0453418	rs79513888	chr7_6831300_T_TTTCTC	0.89439
7	OneK1K_B_naive	QTD000608	ENSG00000122674	CCZ1	6831301	2.43292e-15	0.364971	0.0453418	rs62442274	chr7_6831301_A_T	0.89439
7	OneK1K_B_naive	QTD000608	ENSG00000122674	CCZ1	6829673	2.67451e-15	0.366838	0.0456439	rs10265409	chr7_6829673_C_T	0.88462
7	OneK1K_B_naive	QTD000608	ENSG00000122674	CCZ1	6838202	2.69258e-15	0.366994	0.0456683	rs7807849	chr7_6838202_A_G	0.88314
7	OneK1K_B_naive	QTD000608	ENSG00000122674	CCZ1	6837552	2.89211e-15	0.372249	0.0463762	rs6970760	chr7_6837552_A_G	0.85584
7	OneK1K_B_naive	QTD000608	ENSG00000122674	CCZ1	6820141	1.77715e-14	0.396108	0.0508747	rs71010918	chr7_6820141_C_CA	0.70652
7	OneK1K_B_naive	QTD000608	ENSG00000122674	CCZ1	6845966	2.95339e-14	0.370415	0.0479972	rs4265086	chr7_6845966_C_T	0.7939
7	OneK1K_B_naive	QTD000608	ENSG00000122674	CCZ1	6845540	4.44432e-14	0.373387	0.0487326	rs7798575	chr7_6845540_C_T	0.77419
7	OneK1K_B_naive	QTD000608	ENSG00000122674	CCZ1	6847128	6.07397e-14	0.377031	0.0494837	rs11533960	chr7_6847128_C_T	0.75426
7	OneK1K_B_naive	QTD000608	ENSG00000122674	CCZ1	6847084	6.11173e-14	0.377031	0.0494891	rs9691310	chr7_6847084_T_C	0.75391
7	OneK1K_B_naive	QTD000608	ENSG00000122674	CCZ1	6847070	6.11589e-14	0.377251	0.0495187	rs9690556	chr7_6847070_C_T	0.7534
7	OneK1K_B_naive	QTD000608	ENSG00000122674	CCZ1	6847120	6.13353e-14	0.376846	0.0494681	rs9690561	chr7_6847120_C_G	0.7547
7	OneK1K_B_naive	QTD000608	ENSG00000122674	CCZ1	6847022	6.47881e-14	0.378135	0.0496862	rs11533958	chr7_6847022_G_A	0.7495
7	OneK1K_B_naive	QTD000608	ENSG00000122674	CCZ1	6846492	6.52001e-14	0.376509	0.0494781	rs4724878	chr7_6846492_T_C	0.75471
7	OneK1K_B_naive	QTD000608	ENSG00000122674	CCZ1	6846984	6.70593e-14	0.374789	0.0492771	rs9691768	chr7_6846984_G_C	0.74472
7	OneK1K_B_naive	QTD000608	ENSG00000122674	CCZ1	6803736	7.34539e-14	0.47674	0.0627847	rs2711265	chr7_6803736_C_G	0.47324
7	OneK1K_B_naive	QTD000608	ENSG00000122674	CCZ1	6847427	7.99778e-14	0.39356	0.0519102	rs9691330	chr7_6847427_T_C	0.67535
7	OneK1K_B_naive	QTD000608	ENSG00000122674	CCZ1	6846728	8.55418e-14	0.375412	0.049577	rs9691145	chr7_6846728_A_G	0.75382
7	OneK1K_B_naive	QTD000608	ENSG00000122674	CCZ1	6847475	1.46182e-13	0.395982	0.0528097	rs9691185	chr7_6847475_A_G	0.63891
7	OneK1K_B_naive	QTD000608	ENSG00000122674	CCZ1	6815290	3.524e-13	0.386709	0.0524328	rs200941590	chr7_6815290_A_G	0.69719
7	OneK1K_B_naive	QTD000608	ENSG00000122674	CCZ1	6815294	3.7144e-13	0.385537	0.0523263	rs71524077	chr7_6815294_T_A	0.69777
9	OneK1K_B_naive	QTD000608	ENSG00000106803	SEC61B	99205132	4.36341e-21	-0.540925	0.0560727	rs113328431	chr9_99205132_A_G	0.96624
9	OneK1K_B_naive	QTD000608	ENSG00000106803	SEC61B	99209547	4.41962e-21	-0.535491	0.0555176	rs139285416	chr9_99209547_T_C	0.97936
9	OneK1K_B_naive	QTD000608	ENSG00000106803	SEC61B	99218085	4.44408e-21	-0.534789	0.0554485	rs35626507	chr9_99218085_A_G	0.98073
9	OneK1K_B_naive	QTD000608	ENSG00000106803	SEC61B	99218947	4.44408e-21	-0.534789	0.0554485	rs41274646	chr9_99218947_T_C	0.98073
9	OneK1K_B_naive	QTD000608	ENSG00000106803	SEC61B	99219659	4.44408e-21	-0.534789	0.0554485	rs79372086	chr9_99219659_T_C	0.98073
9	OneK1K_B_naive	QTD000608	ENSG00000106803	SEC61B	99204515	4.49754e-21	-0.542379	0.0562433	rs148798407	chr9_99204515_C_CTTTA	0.96486
9	OneK1K_B_naive	QTD000608	ENSG00000106803	SEC61B	99204515	4.49754e-21	-0.542379	0.0562433	rs762457337	chr9_99204515_C_CTTTA	0.96486
9	OneK1K_B_naive	QTD000608	ENSG00000106803	SEC61B	99207022	4.84959e-21	-0.531128	0.055125	rs77521170	chr9_99207022_C_T	0.98565
9	OneK1K_B_naive	QTD000608	ENSG00000106803	SEC61B	99209637	4.85426e-21	-0.531121	0.055125	rs79069485	chr9_99209637_G_A	0.98567
9	OneK1K_B_naive	QTD000608	ENSG00000106803	SEC61B	99212225	5.03793e-21	-0.530792	0.0551147	rs76274548	chr9_99212225_T_C	0.97952
9	OneK1K_B_naive	QTD000608	ENSG00000106803	SEC61B	99209713	5.05984e-21	-0.533073	0.0553543	rs77168271	chr9_99209713_A_G	0.98306
9	OneK1K_B_naive	QTD000608	ENSG00000106803	SEC61B	99220014	5.14975e-21	-0.530039	0.0550507	rs75877306	chr9_99220014_T_A	0.97911
9	OneK1K_B_naive	QTD000608	ENSG00000106803	SEC61B	99215185	5.15449e-21	-0.530039	0.0550512	rs139974937	chr9_99215185_T_TATA	0.97905
9	OneK1K_B_naive	QTD000608	ENSG00000106803	SEC61B	99215185	5.15449e-21	-0.530039	0.0550512	rs370107403	chr9_99215185_T_TATA	0.97905
9	OneK1K_B_naive	QTD000608	ENSG00000106803	SEC61B	99203923	5.18689e-21	-0.585447	0.0608105	rs565987076	chr9_99203923_CT_C	0.95775
9	OneK1K_B_naive	QTD000608	ENSG00000106803	SEC61B	99214357	5.33698e-21	-0.524827	0.0545321	rs74437005	chr9_99214357_C_T	0.99776
9	OneK1K_B_naive	QTD000608	ENSG00000106803	SEC61B	99237078	5.96526e-21	-0.550448	0.0572689	rs75085864	chr9_99237078_G_A	0.91427
9	OneK1K_B_naive	QTD000608	ENSG00000106803	SEC61B	99203843	6.33169e-21	-0.583575	0.060758	rs7857426	chr9_99203843_A_T	0.96067
9	OneK1K_B_naive	QTD000608	ENSG00000106803	SEC61B	99202657	6.61007e-21	-0.585037	0.0609411	rs76514603	chr9_99202657_A_G	0.9687
9	OneK1K_B_naive	QTD000608	ENSG00000106803	SEC61B	99203351	6.61007e-21	-0.585037	0.0609411	rs76831151	chr9_99203351_G_T	0.9687
9	OneK1K_B_naive	QTD000608	ENSG00000106803	SEC61B	99203886	7.1543e-21	-0.58297	0.0607823	rs12003123	chr9_99203886_T_C	0.96885
9	OneK1K_B_naive	QTD000608	ENSG00000106803	SEC61B	99200128	7.30013e-21	-0.583911	0.0608948	rs74437514	chr9_99200128_G_A	0.96461
9	OneK1K_B_naive	QTD000608	ENSG00000106803	SEC61B	99220674	9.38049e-21	-0.529566	0.0553913	rs112374143	chr9_99220674_A_AAAGAAGT	0.96625
9	OneK1K_B_naive	QTD000608	ENSG00000106803	SEC61B	99220389	9.95169e-21	-0.531036	0.0555839	rs74718561	chr9_99220389_C_G	0.97531
9	OneK1K_B_naive	QTD000608	ENSG00000106803	SEC61B	99220726	9.95169e-21	-0.531036	0.0555839	rs80182147	chr9_99220726_G_A	0.97531
X	OneK1K_B_naive	QTD000608	ENSG00000005893	LAMP2	120410507	0.00011685	-0.580706	0.150111	rs765473638	chrX_120410507_TCA_T	0.44052
X	OneK1K_B_naive	QTD000608	ENSG00000125354	SEPTIN6	120305480	0.000122027	0.172344	0.0446747	rs5957354	chrX_120305480_T_A	0.91748
X	OneK1K_B_naive	QTD000608	ENSG00000232119	MCTS1	120593032	0.000125441	-0.2631	0.0683218	rs777126943	chrX_120593032_C_CAATAAATA	0.52895
X	OneK1K_B_naive	QTD000608	ENSG00000125354	SEPTIN6	120304964	0.000194885	0.168464	0.0450445	rs151167724	chrX_120304964_A_G	0.92054
X	OneK1K_B_naive	QTD000608	ENSG00000125354	SEPTIN6	120302612	0.000202694	0.168356	0.0451367	rs5909697	chrX_120302612_G_A	0.91839
X	OneK1K_B_naive	QTD000608	ENSG00000125354	SEPTIN6	120302871	0.000202997	0.168343	0.0451378	rs5909698	chrX_120302871_C_G	0.9182
X	OneK1K_B_naive	QTD000608	ENSG00000125354	SEPTIN6	120306449	0.000213804	0.166472	0.0447957	rs5910825	chrX_120306449_G_A	0.93023
X	OneK1K_B_naive	QTD000608	ENSG00000125354	SEPTIN6	120302904	0.000215063	0.168246	0.0452912	rs112188548	chrX_120302904_C_CCT	0.91614
X	OneK1K_B_naive	QTD000608	ENSG00000125354	SEPTIN6	120302904	0.000215063	0.168246	0.0452912	rs782610486	chrX_120302904_C_CCT	0.91614
X	OneK1K_B_naive	QTD000608	ENSG00000125352	RNF113A	120778007	0.000483154	0.263284	0.075184	rs1330425125	chrX_120778007_TTTTCTTTC_T	0.47711
X	OneK1K_B_naive	QTD000608	ENSG00000005893	LAMP2	120275784	0.000484255	0.225771	0.0644829	rs1178487070	chrX_120275784_A_ATTTT	0.70862
X	OneK1K_B_naive	QTD000608	ENSG00000232119	MCTS1	120640649	0.000749112	-0.118993	0.0351867	rs144779421	chrX_120640649_GT_G	0.91334
X	OneK1K_B_naive	QTD000608	ENSG00000077713	SLC25A43	120296380	0.000759827	0.205902	0.0609571	rs370768134	chrX_120296380_C_CTCTAT	0.41449
X	OneK1K_B_naive	QTD000608	ENSG00000077713	SLC25A43	120296380	0.000759827	0.205902	0.0609571	rs5903573	chrX_120296380_C_CTCTAT	0.41449
X	OneK1K_B_naive	QTD000608	ENSG00000232119	MCTS1	120641318	0.000771118	-0.119029	0.0352814	rs35769902	chrX_120641318_G_T	0.90904
X	OneK1K_B_naive	QTD000608	ENSG00000232119	MCTS1	120623505	0.000836239	-0.264675	0.0789826	rs146492852	chrX_120623505_G_A	0.82302
X	OneK1K_B_naive	QTD000608	ENSG00000198918	RPL39	120188409	0.000991139	-0.243242	0.0736393	rs10775089	chrX_120188409_C_T	0.66675
X	OneK1K_B_naive	QTD000608	ENSG00000232119	MCTS1	120642019	0.00108647	-0.117486	0.0358516	rs148571518	chrX_120642019_GTT_G	0.89957
X	OneK1K_B_naive	QTD000608	ENSG00000232119	MCTS1	120642019	0.00108647	-0.117486	0.0358516	rs3074243	chrX_120642019_GTT_G	0.89957
X	OneK1K_B_naive	QTD000608	ENSG00000125356	NDUFA1	120224461	0.00124993	0.311848	0.0963446	rs73219105	chrX_120224461_G_A	0.57275
X	OneK1K_B_naive	QTD000608	ENSG00000125354	SEPTIN6	120312820	0.00136346	0.141627	0.0440981	rs17336153	chrX_120312820_G_A	0.99792
X	OneK1K_B_naive	QTD000608	ENSG00000233382	NKAPP1	121051763	0.00148091	-0.258038	0.0809518	rs116837889	chrX_121051763_T_A	0.88659
X	OneK1K_B_naive	QTD000608	ENSG00000232119	MCTS1	120583980	0.00155724	-0.112418	0.0354314	rs12394457	chrX_120583980_A_T	0.91818
X	OneK1K_B_naive	QTD000608	ENSG00000232119	MCTS1	120641316	0.00157523	-0.120931	0.0381549	rs368011565	chrX_120641316_G_GT	0.8512
X	OneK1K_B_naive	QTD000608	ENSG00000005893	LAMP2	120120746	0.00170508	0.509607	0.161979	rs113867722	chrX_120120746_C_A	0.87995
