lead_rsid	lead_gene	chr	pos	in_gene_body	dataset	lead_in_data	axis_gene_tested	axis_gene_symbol	axis_min_p	axis_beta	axis_se	region_min_p	region_min_p_gene	region_min_p_gene_symbol	region_min_p_beta
rs13226913	C1GALT1	7	7207215	yes	GTEx_v10_blood	yes	yes	C1GALT1	5.57541e-12	0.308582	0.04396	9.36275e-80	ENSG00000146574	CCZ1B	-0.636072
rs13226913	C1GALT1	7	7207215	yes	GTEx_v10_kidney_cortex	yes	yes	C1GALT1	1.9062e-05	0.558417	0.119872	3.2872e-12	ENSG00000122674	CCZ1	0.953467
rs13226913	C1GALT1	7	7207215	yes	OneK1K_B_intermediate	yes	yes	C1GALT1	0.400064	0.0353281	0.0419633	1.47507e-08	ENSG00000146574	CCZ1B	-0.434731
rs13226913	C1GALT1	7	7207215	yes	OneK1K_B_memory	yes	yes	C1GALT1	0.056044	0.0811529	0.042422	2.93557e-11	ENSG00000146574	CCZ1B	-0.489242
rs13226913	C1GALT1	7	7207215	yes	OneK1K_B_naive	yes	yes	C1GALT1	9.35888e-06	0.173861	0.0390239	1.1595e-15	ENSG00000122674	CCZ1	0.38464
rs10238682	C1GALT1	7	7215386	yes	GTEx_v10_blood	yes	yes	C1GALT1	0.50413	0.0369405	0.0552691	9.36275e-80	ENSG00000146574	CCZ1B	-0.636072
rs10238682	C1GALT1	7	7215386	yes	GTEx_v10_kidney_cortex	yes	yes	C1GALT1	2.99947e-11	0.880639	0.10759	3.2872e-12	ENSG00000122674	CCZ1	0.953467
rs10238682	C1GALT1	7	7215386	yes	OneK1K_B_intermediate	yes	yes	C1GALT1	0.755546	0.0160543	0.0515513	1.47507e-08	ENSG00000146574	CCZ1B	-0.434731
rs10238682	C1GALT1	7	7215386	yes	OneK1K_B_memory	yes	yes	C1GALT1	0.172346	0.0711177	0.0520736	2.93557e-11	ENSG00000146574	CCZ1B	-0.489242
rs10238682	C1GALT1	7	7215386	yes	OneK1K_B_naive	yes	yes	C1GALT1	0.00011621	0.185475	0.047928	1.1595e-15	ENSG00000122674	CCZ1	0.38464
rs7856182	GALNT12	9	98871030	near_19kb	GTEx_v10_blood	yes	yes	GALNT12	0.204596	0.0575214	0.0452985	1.40893e-09	ENSG00000106799	TGFBR1	-0.246607
rs7856182	GALNT12	9	98871030	near_19kb	GTEx_v10_kidney_cortex	yes	yes	GALNT12	0.231335	0.247197	0.20436	3.09882e-06	ENSG00000119523	ALG2	-0.9738
rs7856182	GALNT12	9	98871030	near_19kb	OneK1K_B_intermediate	yes	no					1.68258e-11	ENSG00000106803	SEC61B	-0.455049
rs7856182	GALNT12	9	98871030	near_19kb	OneK1K_B_memory	yes	no					1.73559e-09	ENSG00000106803	SEC61B	-0.433657
rs7856182	GALNT12	9	98871030	near_19kb	OneK1K_B_naive	yes	no					4.36341e-21	ENSG00000106803	SEC61B	-0.540925
rs5910940	C1GALT1C1	X	120624955	yes	GTEx_v10_blood	yes	yes	C1GALT1C1	0.31418	0.0176755	0.0175481	3.07806e-26	ENSG00000101883	RHOXF1	-0.699343
rs5910940	C1GALT1C1	X	120624955	yes	GTEx_v10_kidney_cortex	yes	yes	C1GALT1C1	0.515319	0.0478219	0.0730562	3.67882e-05	ENSG00000258545	RHOXF1-AS1	0.607693
rs5910940	C1GALT1C1	X	120624955	yes	OneK1K_B_intermediate	yes	no					6.93093e-05	ENSG00000233382	NKAPP1	-0.26195
rs5910940	C1GALT1C1	X	120624955	yes	OneK1K_B_memory	yes	no					2.33868e-06	ENSG00000005893	LAMP2	-0.189555
rs5910940	C1GALT1C1	X	120624955	yes	OneK1K_B_naive	yes	no					0.00011685	ENSG00000005893	LAMP2	-0.580706
