	0
GSM3191893	FSGS
GSM3191894	IgAN
GSM3191895	IgAN
GSM3191896	IgAN
GSM3191897	IgAN
GSM3191898	IgAN
GSM3191899	IgAN
GSM3191900	IgAN
GSM3191901	IgAN
GSM3191902	IgAN
GSM3191903	IgAN
GSM3191904	IgAN
GSM3191905	IgAN
GSM3191906	IgAN
GSM3191907	IgAN
GSM3191908	IgAN
GSM3191909	IgAN
GSM3191910	IgAN
GSM3191911	IgAN
GSM3191912	IgAN
GSM3191913	IgAN
GSM3191914	IgAN
GSM3191915	IgAN
GSM3191916	IgAN
GSM3191917	IgAN
GSM3191918	IgAN
GSM3191919	IgAN
GSM3191920	IgAN
GSM3191921	IgAN
GSM3191922	IgAN
GSM3191923	IgAN
GSM3191924	IgAN
GSM3191925	IgAN
GSM3191926	IgAN
GSM3191927	IgAN
GSM3191928	IgAN
GSM3191929	IgAN
GSM3191930	IgAN
GSM3191931	IgAN
GSM3191932	IgAN
GSM3191933	IgAN
GSM3191934	IgAN
GSM3191935	IgAN
GSM3191936	IgAN
GSM3191937	IgAN
GSM3191938	IgAN
GSM3191939	IgAN
GSM3191940	IgAN
GSM3191941	IgAN
GSM3191942	IgAN
GSM3191943	IgAN
GSM3191944	IgAN
GSM3191945	IgAN
GSM3191946	IgAN
GSM3191947	IgAN
GSM3191948	IgAN
GSM3191949	Ctrl_LD
GSM3191950	Ctrl_LD
GSM3191951	Ctrl_LD
GSM3191952	Ctrl_LD
GSM3191953	Ctrl_LD
GSM3191954	Ctrl_LD
GSM3191955	Ctrl_LD
GSM3191956	MN
GSM3191957	MN
GSM3191958	MN
GSM3191959	MN
GSM3191960	MN
GSM3191961	MN
GSM3191962	MN
GSM3191963	MN
GSM3191964	MN
GSM3191965	MN
GSM3191966	MN
GSM3191967	MCD
GSM3191968	MCD
GSM3191969	MCD
GSM3191970	MCD
GSM3191971	MCD
GSM3191972	MCD
GSM3191973	MCD
GSM3191974	MCD
GSM3191975	MCD
GSM3191976	MCD
GSM3191977	MCD
GSM3191978	MCD
