药物/分子	类别	实际靶酶(表观)	EpiFactors 角色	化学型/毒性特征	批准状态(公开记录)	B/浆细胞相关证据	在 IgAN 轴上的潜在用途(假设)	证据出处	风险/备注
EGCG（表没食子儿茶素没食子酸酯）	天然多酚（绿茶）	DNMT1/DNMT3B（直接结合抑制，Ki≈6.9 µM，非核苷类）；HDAC1/2（可逆抑制）；对 HAT 亦有报道	上游抑制 writer(DNMT)/eraser(HDAC)，属天然表观调节剂	非核苷类；非细胞毒机制	未作为处方药上市（外用制剂 Veregen/Polyphenon E 用于疣；膳食/研究级）	对 B 淋巴细胞具免疫调节作用（综述级）；体外可再激活甲基化沉默基因；论文1 EGCG 细胞/动物功能结果（引用待预印本链接回填）	候选『转录恢复』天然分子：假设上调 B/浆细胞 C1GALT1/C1GALT1C1 转录→降低 Gd-IgA1；安全性最友好的临床前手柄	Fang 2003（Ki 6.89 µM）；Negri 2018 Nutrients 综述；HeLa 直接结合 DNMT1/DNMT3B/HDAC1；现代免疫学 2018 综述	浓度依赖：高浓度促氧化/细胞毒；口服生物利用度低；多靶点混杂
Azacitidine（5-氮杂胞苷，5-aza-CR；Vidaza）	核苷类 DNMT 抑制剂	DNMT1（掺入 RNA/DNA 后被 DNMT 捕获→降解→被动去甲基化）	writer 抑制剂	核苷类（细胞毒背景）	FDA 2004 批准（MDS 等髓系肿瘤）	体外可逆转 IL-4/IL-17 诱导的 IgA1 低半乳糖基化（IgAN B 细胞/细胞系），恢复 C1GALT1C1 表达——IgAN 背景直接功能证据（引用见 T 细胞综述）	机制探针/概念验证药：验证『去甲基化恢复 C1GALT1C1/C1GALT1→降低 Gd-IgA1』因果链	Clin Exp Nephrol 2019（T cells in IgAN 综述）及其引用的 IL-4/IL-17 原始研究	全身骨髓抑制/肝毒性/致畸，不适直接入药；仅作窗口机制验证
Decitabine（5-氮杂-2'-脱氧胞苷，5-aza-CdR；Dacogen）	核苷类 DNMT 抑制剂	DNMT1（DNA 掺入，捕获并耗竭 DNMT）	writer 抑制剂	核苷类（细胞毒背景）	FDA 2006 批准（MDS/AML）	同 5-aza-CR（同一机制家族）；IgAN B 细胞直接证据弱于 5-aza-CR 文献	同 5-aza-CR，作为去甲基化窗口的替代工具药	公开药理学记录；IgAN 应用为外推假设	同核苷类毒性；长期去甲基化存在二次肿瘤风险
RG108	非核苷类 DNMT1 抑制剂（研究用）	DNMT1（活性位点直接结合，非掺入型）	writer 抑制剂	非核苷类	未批准（实验室工具药）	无 IgAN/B 细胞直接证据	低毒去甲基化探针备选（若需规避核苷类毒性）	公开药理学记录	体外活性弱、细胞摄取有限
Vorinostat（伏立诺他，SAHA；Zolinza）	羟肟酸类 HDAC 抑制剂（class I/II 广谱）	HDAC1/2/3/6 等（Zn2+ 依赖）	eraser 抑制剂	小分子（广谱表观）	FDA 2006 批准（皮肤 T 细胞淋巴瘤 CTCL）	小鼠：损害初次抗体应答但保留记忆 B 细胞（Waibel 2015 Nat Commun）——支持 B 细胞应答窗口可调	若 C1GALT1C1/C1GALT1 沉默含去乙酰化成分，class I HDACi 或可再激活（假设，需功能检验）；亦代表『浆细胞/抗体输出调节』方向	Waibel et al. Nat Commun 6:7838 (2015)	骨髓抑制/腹泻/心脏 QT 风险；广谱表观脱靶
Romidepsin（罗米地辛；Istodax）	环肽类 HDAC 抑制剂（class I 选择性：HDAC1/2）	HDAC1/HDAC2（class I）	eraser 抑制剂	小分子（class I 选择性）	FDA 2009 CTCL / 2011 PTCL	B/浆细胞肿瘤敏感；IgAN 无直接证据	class I（HDAC1/2）选择性——若轴基因表观窗口由 HDAC1/2 介导则选择性更优（假设）	公开药理学记录；MM 综述（HDACi 在浆细胞肿瘤）	QT/骨髓毒性；静脉给药
Panobinostat（帕比司他，LBH589；Farydak）	羟肟酸类泛-HDAC 抑制剂（class I/II/IV，class I 效力更优）	HDAC1/2/3/6 等	eraser 抑制剂	小分子（广谱）	FDA 2015 批准（多发性骨髓瘤，与硼替佐米+地塞米松联用）	显著削减自身反应性浆细胞、自身抗体与肾炎（MRL/lpr 狼疮小鼠，Waibel 2015）；多发性骨髓瘤（浆细胞肿瘤）临床获批背景	『浆细胞输出/自身抗体削减』方向的动物概念证据最强者；理论上可压低 Gd-IgA1 产生源（非转录恢复方向）	Waibel et al. Nat Commun 6:7838 (2015)；FDA 2015	显著骨髓抑制/消化道毒性；广谱脱靶；不提示直接用于 IgAN
Entinostat（恩替诺特，MS-275）	苯酰胺类 HDAC 抑制剂（class I 选择性：HDAC1/2/3）	HDAC1/2/3（class I）	eraser 抑制剂	小分子（class I 选择性，口服）	未批准（曾进实体瘤/血液肿瘤多期临床）	无 IgAN 直接证据；class I 谱与 C1GALT1C1 表观窗口假设较契合	class I 选择性口服探针备选（若获批前景存在）	公开药理学记录	临床开发中安全性数据不完整
Chidamide（西达本胺；Epidaza）	苯酰胺类 HDAC 抑制剂（class I 选择性 HDAC1/2/3/10）	HDAC1/2/3/10（class I）	eraser 抑制剂	小分子（class I 选择性，口服）	中国 NMPA 2015 批准（外周 T 细胞淋巴瘤 PTCL）；表观药物中国本土可及代表	无 IgAN 直接证据	中国语境下『class I HDACi 可及性』的代表；假设同上	NMPA 公开记录	血液学毒性；超适应症使用需伦理/法规评估
Belinostat（贝利司他；Beleodaq）	羟肟酸类 HDAC 抑制剂（class I/II）	HDAC1/2/3/6 等	eraser 抑制剂	小分子（广谱）	FDA 2014 批准（PTCL）	无 IgAN 直接证据	同类补充（静脉），逻辑同 vorinostat	公开药理学记录	同羟肟酸类毒性谱
Trichostatin A（曲古抑菌素 A，TSA）	羟肟酸类泛-HDAC 抑制剂（工具药）	HDAC1/2/3/6 等（class I/II）	eraser 抑制剂	小分子（研究工具）	未批准（经典体外工具药）	HDACi 领域机制研究参照（体外）	体外『HDAC 窗口』探针	公开记录	体内不稳定；仅体外
