cluster	B	Plasma	T	NK	Mono	DC	pDC	Platelet	HSPC
0	-0.40426114	-0.6997206	0.7091626	-0.99490947	-0.32026067	-0.6704072	-0.99706733	-0.225701	0.26704535
1	-0.36191016	-0.4349511	0.98655653	-0.8648459	-0.30589154	-0.66707754	-0.9381229	-0.22218259	0.04519673
2	-0.40287304	-0.45370677	0.826416	0.50497097	-0.29980907	-0.554551	0.28316727	-0.2171731	-0.45630813
3	-0.6000696	-0.8438501	-0.6681848	-0.11568567	-0.2559494	-0.60453826	-0.4741991	-0.21739316	-0.62315965
4	-0.38946033	1.0133823	-1.1288513	1.762678	-0.29578742	-0.26199603	1.7000839	-0.21806464	0.25805825
5	2.7360864	2.0193112	-1.5664985	-0.9814873	-0.32385507	0.783482	-0.7499422	-0.22633915	0.1895988
6	-0.42954406	0.11102602	-0.105217084	1.4762478	-0.30816573	-0.45154813	1.4172649	-0.2276476	-0.6105818
7	-0.3568454	-0.7142389	0.8253464	-0.9577701	-0.3329284	-0.6702909	-0.99382424	-0.22474529	3.3780317
8	2.5805607	3.2967305	-1.2698648	-0.6501818	-0.31877154	0.83403105	-0.21045095	-0.22646841	-0.47746336
9	-0.39637768	-0.19762793	0.91482174	0.8151479	-0.28055438	-0.5461124	0.343044	-0.22716048	-0.29126626
10	-0.41843522	0.051840156	0.8007959	0.114799276	-0.31457326	-0.66088724	-0.9391112	-0.21499258	-0.6078432
11	2.1696138	1.0553659	-1.6226978	-0.9629417	-0.309265	0.4015028	-0.888699	-0.22973873	0.22943743
12	-0.39096624	-0.6537785	0.82280993	-0.9579055	-0.32220614	-0.69005156	-0.9593872	-0.2273695	-0.05090113
13	-0.38403863	-0.17234276	-1.5080317	-0.8340029	3.83355	3.149243	-0.18132813	-0.12092257	0.6387762
14	-0.39990246	-0.42722782	0.77852404	-0.41082212	-0.2654033	-0.62272865	-0.36202094	-0.22341901	-0.62549806
15	-0.4146189	-0.73710155	0.8216554	-0.88167113	-0.31880325	-0.7065838	-0.9702483	-0.22149375	0.087040305
16	-0.4496639	-0.6990124	0.4586353	1.343831	-0.34139708	-0.055332582	1.0945377	-0.22518507	-0.54022336
17	-0.38413942	0.3238105	0.9200424	1.1074268	-0.32017797	-0.4889775	1.2375109	-0.23235849	-0.77338976
18	-0.016250858	-0.73291266	-1.5075521	-0.80947316	2.3225007	2.3693361	-0.21893653	-0.20934968	-0.77338976
19	-0.4165097	-0.4160922	0.695847	1.4146086	-0.34708866	-0.24445824	1.8690281	-0.23235849	-0.77338976
20	-0.44787636	-0.46329162	-0.8622406	-0.5988026	-0.24060313	0.528531	-0.714086	4.5814586	2.2836173
21	-0.42251873	-0.22561735	0.67852646	1.4807881	-0.3345587	-0.17058544	1.6527904	-0.21139504	-0.77338976
