gene	group_by	level	n_cells	detection_rate	mean_log1pCPM	mean_nonzero_log1pCPM
C1GALT1	cell_type	T	164646	0.20743291668185077	1.0952301025390625	5.279924392700195
C1GALT1	cell_type	Mono	3814	0.18353434714210803	0.9284698963165283	5.058834552764893
C1GALT1	cell_type	B	14967	0.21400414244671612	1.158026933670044	5.411236763000488
C1GALT1	cell_type	NK	48953	0.17085776152636203	0.9664285182952881	5.6563334465026855
C1GALT1	cell_type	Plasma	27069	0.24489268166537367	1.2781226634979248	5.219114303588867
C1GALT1	cell_type	Platelet	2453	0.18181818181818182	0.9747642278671265	5.361203193664551
C1GALT1	cell_type	DC	2705	0.25619223659889095	1.293960452079773	5.0507402420043945
C1GALT1	cell_type	Other	17036	0.1320145574078422	0.7767401337623596	5.88374662399292
C1GALT1	cell_type	pDC	652	0.23773006134969324	1.2130458354949951	5.10261869430542
C1GALT1	cell_type	HSPC	168	0.22023809523809523	1.0757741928100586	4.884596347808838
C1GALT1	b_subset	B_naive	27093	0.2300594249437124	1.235482931137085	5.370276927947998
C1GALT1	b_subset	B_plasma	6301	0.22123472464688146	1.1555206775665283	5.223052978515625
C1GALT1	b_subset	B_memory	8392	0.2590562440419447	1.3088613748550415	5.052421569824219
C1GALT1	b_subset	B_other	250	0.124	0.7674183249473572	6.188857555389404
C1GALT1C1	cell_type	T	164646	0.06082139863707591	0.3144429922103882	5.16994047164917
C1GALT1C1	cell_type	Mono	3814	0.06633455689564761	0.322265625	4.8581862449646
C1GALT1C1	cell_type	B	14967	0.0321373688781987	0.1639305055141449	5.100931167602539
C1GALT1C1	cell_type	NK	48953	0.05589034379915429	0.3074294924736023	5.500583171844482
C1GALT1C1	cell_type	Plasma	27069	0.04861649857770882	0.23914694786071777	4.919049263000488
C1GALT1C1	cell_type	Platelet	2453	0.04443538524256013	0.2271464765071869	5.111836910247803
C1GALT1C1	cell_type	DC	2705	0.06876155268022181	0.3177773952484131	4.621440410614014
C1GALT1C1	cell_type	Other	17036	0.02905611645926274	0.16319485008716583	5.616540431976318
C1GALT1C1	cell_type	pDC	652	0.07975460122699386	0.3697830140590668	4.636510372161865
C1GALT1C1	cell_type	HSPC	168	0.09523809523809523	0.41727879643440247	4.38142728805542
C1GALT1C1	b_subset	B_naive	27093	0.032665264090355445	0.16640041768550873	5.094108581542969
C1GALT1C1	b_subset	B_plasma	6301	0.07221076019679416	0.3513820171356201	4.866061687469482
C1GALT1C1	b_subset	B_memory	8392	0.053622497616777884	0.25774523615837097	4.806662559509277
C1GALT1C1	b_subset	B_other	250	0.028	0.1666942983865738	5.953368186950684
GALNT2	cell_type	T	164646	0.06702865541829137	0.35074639320373535	5.23278284072876
GALNT2	cell_type	Mono	3814	0.13476664918720505	0.6783959865570068	5.0338568687438965
GALNT2	cell_type	B	14967	0.11665664461815996	0.6317359805107117	5.415345191955566
GALNT2	cell_type	NK	48953	0.06749330990950504	0.37817323207855225	5.603121280670166
GALNT2	cell_type	Plasma	27069	0.11688647530385311	0.6068025827407837	5.1913838386535645
GALNT2	cell_type	Platelet	2453	0.07867916836526702	0.4145696759223938	5.269115924835205
GALNT2	cell_type	DC	2705	0.15600739371534195	0.7704597115516663	4.938610553741455
GALNT2	cell_type	Other	17036	0.04320262972528763	0.258330374956131	5.97950553894043
GALNT2	cell_type	pDC	652	0.11349693251533742	0.5611635446548462	4.944306373596191
GALNT2	cell_type	HSPC	168	0.2916666666666667	1.3877556324005127	4.758019924163818
GALNT2	b_subset	B_naive	27093	0.13409367733362862	0.7188318967819214	5.3606696128845215
GALNT2	b_subset	B_plasma	6301	0.09919060466592604	0.5044757127761841	5.0859222412109375
GALNT2	b_subset	B_memory	8392	0.07685891325071496	0.3791665732860565	4.9332804679870605
GALNT2	b_subset	B_other	250	0.028	0.1790042221546173	6.393007755279541
GALNT12	cell_type	T	164646	0.05049014248751867	0.26010197401046753	5.1515398025512695
GALNT12	cell_type	Mono	3814	0.013371788148925014	0.06761323660612106	5.05640983581543
GALNT12	cell_type	B	14967	0.019375960446315225	0.0984501838684082	5.081048011779785
GALNT12	cell_type	NK	48953	0.032582272792270134	0.18050843477249146	5.54008150100708
GALNT12	cell_type	Plasma	27069	0.028815249916879088	0.14189215004444122	4.924203395843506
GALNT12	cell_type	Platelet	2453	0.04525071341214839	0.23789754509925842	5.257321834564209
GALNT12	cell_type	DC	2705	0.029574861367837338	0.14337505400180817	4.847869396209717
GALNT12	cell_type	Other	17036	0.027588635830007043	0.15872952342033386	5.753438949584961
GALNT12	cell_type	pDC	652	0.02607361963190184	0.12069091200828552	4.628851890563965
GALNT12	cell_type	HSPC	168	0.05357142857142857	0.2280636727809906	4.25718879699707
GALNT12	b_subset	B_naive	27093	0.019045509910308935	0.09445399045944214	4.959383487701416
GALNT12	b_subset	B_plasma	6301	0.03777178225678464	0.19313356280326843	5.113171100616455
GALNT12	b_subset	B_memory	8392	0.03705910390848427	0.17915290594100952	4.834248065948486
GALNT12	b_subset	B_other	250	0.02	0.139818474650383	6.990923881530762
ST6GALNAC2	cell_type	T	164646	0.0042211775566973996	0.021626567468047142	5.123349189758301
ST6GALNAC2	cell_type	Mono	3814	0.0264813843733613	0.13258951902389526	5.006895542144775
ST6GALNAC2	cell_type	B	14967	0.0037415647758401818	0.019162893295288086	5.1216254234313965
ST6GALNAC2	cell_type	NK	48953	0.001389087492084244	0.007772312965244055	5.595264911651611
ST6GALNAC2	cell_type	Plasma	27069	0.0038420333222505447	0.01899428479373455	4.94381046295166
ST6GALNAC2	cell_type	Platelet	2453	0.008968609865470852	0.04471085965633392	4.985260963439941
ST6GALNAC2	cell_type	DC	2705	0.008133086876155268	0.037857215851545334	4.654716968536377
ST6GALNAC2	cell_type	Other	17036	0.001408781404085466	0.00797075591981411	5.657907962799072
ST6GALNAC2	cell_type	pDC	652	0.012269938650306749	0.057378120720386505	4.676316738128662
ST6GALNAC2	cell_type	HSPC	168	0.005952380952380952	0.022761359810829163	3.823908567428589
ST6GALNAC2	b_subset	B_naive	27093	0.0018824050492747203	0.00951947271823883	5.057079792022705
ST6GALNAC2	b_subset	B_plasma	6301	0.005078558958895413	0.02556660771369934	5.034224510192871
ST6GALNAC2	b_subset	B_memory	8392	0.008937082936129647	0.044312234967947006	4.958243370056152
ST6GALNAC2	b_subset	B_other	250	0.008	0.040371187031269073	5.046398162841797
