community	B	DC	HSPC	Mono	NK	Other	Plasma	Platelet	T	pDC
0	14053	1768	12	18	263	811	21964	200	150	458
1	49	43	13	102	850	3267	424	164	25893	11
2	51	31	9	97	999	2387	566	132	26717	7
3	34	40	9	73	22058	42	588	184	4562	16
4	82	32	2	58	1897	117	481	162	18375	8
5	88	31	7	77	1527	4474	543	139	24611	15
6	21	21	6	28	1219	10	284	108	15586	8
7	42	14	69	56	389	617	245	75	8978	5
8	456	59	23	110	7956	4029	678	797	3836	23
9	37	16	4	40	226	701	186	54	12424	2
10	5	610	3	3060	98	176	191	235	41	84
11	8	13	9	38	9733	5	322	68	6554	8
12	24	16	1	32	920	40	312	91	8751	3
13	8	7	0	16	688	59	227	23	5332	3
14	9	4	1	9	130	301	58	21	2836	1
