b_subset	n_donors	tf	target	rho	p	n_targets	q
B_naive	26	DNMT1	C1GALT1	0.8447863247863248	5.7094995745745354e-08	184	4.683997190529689e-07
B_naive	26	EBF1	C1GALT1	0.8584615384615384	2.0330242663109863e-08	33	2.2435359988509893e-07
B_naive	26	FOS	C1GALT1	0.8564102564102564	2.3895226183452023e-08	340	2.4897972282221885e-07
B_naive	26	IRF1	C1GALT1	0.852991452991453	3.110998277713922e-08	165	3.000442140572022e-07
B_naive	26	IRF4	C1GALT1	0.8536752136752135	2.9526556826290766e-08	59	2.91395279630286e-07
B_naive	26	IRF8	C1GALT1	0.8194871794871793	3.0437650259847e-07	68	1.6406807322513373e-06
B_naive	26	JUN	C1GALT1	0.8823931623931623	2.5045452680489674e-09	894	5.647931068237961e-08
B_naive	26	JUNB	C1GALT1	0.8454700854700854	5.4350599652906915e-08	617	4.498379418081019e-07
B_naive	26	KLF2	C1GALT1	0.8338461538461538	1.2180053756324018e-07	66	8.099215232837681e-07
B_naive	26	MYC	C1GALT1	0.852991452991453	3.110998277713922e-08	873	3.000442140572022e-07
B_naive	26	NFKB1	C1GALT1	0.8899145299145298	1.1796104222331633e-09	931	3.9614542812837454e-08
B_naive	26	NFKB2	C1GALT1	0.8837606837606837	2.1925524634232287e-09	815	5.0919576613231994e-08
B_naive	26	PAX5	C1GALT1	0.8516239316239315	3.4509209022639105e-08	67	3.260910682544116e-07
B_naive	26	PRDM1	C1GALT1	0.8933333333333332	8.226806453662279e-10	66	3.5558085671940296e-08
B_naive	26	RELA	C1GALT1	0.8864957264957264	1.6718794041328973e-09	958	4.537402940983933e-08
B_naive	26	SMAD3	C1GALT1	0.8871794871794871	1.5606310300850566e-09	189	4.537402940983933e-08
B_naive	26	SPI1	C1GALT1	0.8714529914529915	6.8676414868445615e-09	338	1.0510869003472267e-07
B_naive	26	STAT1	C1GALT1	0.881025641025641	2.8562822847651483e-09	301	5.978980136898525e-08
B_naive	26	STAT3	C1GALT1	0.8892307692307693	1.2659752044394572e-09	430	4.103869621057907e-08
B_naive	26	STAT6	C1GALT1	0.7736752136752136	3.5597821838970664e-06	126	1.2941638033046344e-05
B_naive	26	DNMT1	C1GALT1C1	0.6574358974358974	0.00026288816439467926	184	0.0006015499761737072
B_naive	26	EBF1	C1GALT1C1	0.6642735042735042	0.0002149371023737053	33	0.0005034251850880363
B_naive	26	FOS	C1GALT1C1	0.6505982905982907	0.00031995998259249476	340	0.0007201413687279487
B_naive	26	IRF1	C1GALT1C1	0.7025641025641025	6.291960074905732e-05	165	0.00016908963517363247
B_naive	26	IRF4	C1GALT1C1	0.6957264957264957	7.942200627402093e-05	59	0.00020863361017846356
B_naive	26	IRF8	C1GALT1C1	0.6417094017094016	0.0004101636411292751	68	0.0008988938388692282
B_naive	26	JUN	C1GALT1C1	0.682051282051282	0.00012425035057905167	894	0.0003106591518494982
B_naive	26	JUNB	C1GALT1C1	0.6239316239316239	0.0006590342497074235	617	0.0013770688798720918
B_naive	26	KLF2	C1GALT1C1	0.6943589743589742	8.314676960966e-05	66	0.00021731753669534875
B_naive	26	MYC	C1GALT1C1	0.6205128205128205	0.0007196101454274512	873	0.0014896408686719922
B_naive	26	NFKB1	C1GALT1C1	0.6854700854700854	0.0001113440904860501	931	0.00028232168081959903
B_naive	26	NFKB2	C1GALT1C1	0.6806837606837607	0.00012977061090720265	815	0.0003208523367133591
B_naive	26	PAX5	C1GALT1C1	0.6594871794871794	0.00024760595926475034	67	0.000570495862708714
B_naive	26	PRDM1	C1GALT1C1	0.6567521367521366	0.0002681626024269461	66	0.0006121188401608727
B_naive	26	RELA	C1GALT1C1	0.6813675213675212	0.0001269840785277866	958	0.0003147964304661221
B_naive	26	SMAD3	C1GALT1C1	0.6786324786324787	0.0001384558057012977	189	0.00033962779874601037
B_naive	26	SPI1	C1GALT1C1	0.7059829059829059	5.586788983501764e-05	338	0.00015233137251744296
B_naive	26	STAT1	C1GALT1C1	0.6895726495726495	9.742665583386132e-05	301	0.00025168103455034015
B_naive	26	STAT3	C1GALT1C1	0.6977777777777777	7.411090799002027e-05	430	0.00019589451783545562
B_naive	26	STAT6	C1GALT1C1	0.5658119658119657	0.0025895007688225406	126	0.004854533971431173
B_naive	26	DNMT1	GALNT2	0.372991452991453	0.060555487600766476	184	0.08985156265746277
B_naive	26	EBF1	GALNT2	0.3941880341880341	0.046301005587464174	33	0.07070104484209447
B_naive	26	FOS	GALNT2	0.41264957264957264	0.03616926765207856	340	0.056392164796226704
B_naive	26	IRF1	GALNT2	0.2567521367521367	0.2054591186420844	165	0.26932972923932885
B_naive	26	IRF4	GALNT2	0.32717948717948714	0.10278299876834492	59	0.14339242027813331
B_naive	26	IRF8	GALNT2	0.2341880341880342	0.24952570142110495	68	0.31920689894045434
B_naive	26	JUN	GALNT2	0.4167521367521367	0.03417826632967375	894	0.053430725796020456
B_naive	26	JUNB	GALNT2	0.4666666666666667	0.016248326208227505	617	0.02693437029119531
B_naive	26	KLF2	GALNT2	0.33196581196581193	0.09755612861441439	66	0.13700120588811263
B_naive	26	MYC	GALNT2	0.4694017094017094	0.015551180441419971	873	0.025852176032958845
B_naive	26	NFKB1	GALNT2	0.37982905982905973	0.05562837354405422	931	0.08325528942085447
B_naive	26	NFKB2	GALNT2	0.3846153846153845	0.05236953532427928	815	0.07883295417405213
B_naive	26	PAX5	GALNT2	0.3688888888888889	0.06367014647604437	67	0.09405450751587821
B_naive	26	PRDM1	GALNT2	0.3182905982905983	0.11303864906635505	66	0.15662345320324883
B_naive	26	RELA	GALNT2	0.3921367521367521	0.04755233098059521	958	0.07213983783471513
B_naive	26	SMAD3	GALNT2	0.43589743589743585	0.026013791386892204	189	0.04155796652772512
B_naive	26	SPI1	GALNT2	0.3305982905982906	0.09902878715050209	338	0.13881873225782096
B_naive	26	STAT1	GALNT2	0.321025641025641	0.10980594105066492	301	0.15255182524538805
B_naive	26	STAT3	GALNT2	0.3517948717948718	0.0779982332539813	430	0.11244464262803727
B_naive	26	STAT6	GALNT2	0.5001709401709401	0.009265804334836597	126	0.015978121401927312
B_naive	26	DNMT1	GALNT12	0.8304273504273504	1.526403438058306e-07	184	9.564095636048554e-07
B_naive	26	EBF1	GALNT12	0.8003418803418804	9.178913787079526e-07	33	4.072924862936048e-06
B_naive	26	FOS	GALNT12	0.8235897435897435	2.3626413309693203e-07	340	1.3565571627262961e-06
B_naive	26	IRF1	GALNT12	0.7627350427350426	5.8973900202538095e-06	165	2.0197370957112826e-05
B_naive	26	IRF4	GALNT12	0.7285470085470084	2.441222128231645e-05	59	7.162554930600452e-05
B_naive	26	IRF8	GALNT12	0.7230769230769231	3.0055272683414002e-05	68	8.639040202350774e-05
B_naive	26	JUN	GALNT12	0.816068376068376	3.7412158336066577e-07	894	1.9128144043018485e-06
B_naive	26	JUNB	GALNT12	0.8434188034188034	6.296241946977816e-08	617	5.076141175905431e-07
B_naive	26	KLF2	GALNT12	0.7593162393162393	6.867849151374753e-06	66	2.3097348586900104e-05
B_naive	26	MYC	GALNT12	0.8639316239316238	1.304858827154053e-08	873	1.69667994572566e-07
B_naive	26	NFKB1	GALNT12	0.8222222222222222	2.572632679946375e-07	931	1.4451322924175305e-06
B_naive	26	NFKB2	GALNT12	0.8140170940170939	4.225702327012995e-07	815	2.1096875360958994e-06
B_naive	26	PAX5	GALNT12	0.8304273504273504	1.526403438058306e-07	67	9.564095636048554e-07
B_naive	26	PRDM1	GALNT12	0.7196581196581195	3.41437045557963e-05	66	9.67715925115101e-05
B_naive	26	RELA	GALNT12	0.8188034188034188	3.1730710667830426e-07	958	1.6793532584742904e-06
B_naive	26	SMAD3	GALNT12	0.818119658119658	3.3073011954803196e-07	189	1.7307715224778175e-06
B_naive	26	SPI1	GALNT12	0.7866666666666666	1.8835109699013974e-06	338	7.463692026740002e-06
B_naive	26	STAT1	GALNT12	0.7866666666666666	1.8835109699013974e-06	301	7.463692026740002e-06
B_naive	26	STAT3	GALNT12	0.7873504273504273	1.8192689031571128e-06	430	7.2522179674956475e-06
B_naive	26	STAT6	GALNT12	0.8147008547008547	4.058278462992169e-07	126	2.048004742188913e-06
B_naive	26	DNMT1	ST6GALNAC2	0.17087439487853812	0.4039403342849306	184	0.4879900311703044
B_naive	26	EBF1	ST6GALNAC2	0.1978000571018229	0.3327457254565679	33	0.4137605344782256
B_naive	26	FOS	ST6GALNAC2	0.1501623470144729	0.4640520236014725	340	0.5406024361997127
B_naive	26	IRF1	ST6GALNAC2	0.13221190553228301	0.5196847172775301	165	0.5900968767335223
B_naive	26	IRF4	ST6GALNAC2	0.13290230712775186	0.5174871823698771	59	0.5884604548849175
B_naive	26	IRF8	ST6GALNAC2	0.09078780980415257	0.659159212776151	68	0.7101212105329039
B_naive	26	JUN	ST6GALNAC2	0.11011905447728013	0.5922922201637713	894	0.6550154190297286
B_naive	26	JUNB	ST6GALNAC2	0.15637596137369247	0.44554673559410113	617	0.5252050913518344
B_naive	26	KLF2	ST6GALNAC2	0.0811221874675888	0.693617563937674	66	0.739394105608829
B_naive	26	MYC	ST6GALNAC2	0.19158644274260334	0.34845873007611244	873	0.43043274728639663
B_naive	26	NFKB1	ST6GALNAC2	0.13566391350962723	0.5087423029888982	931	0.5816333750556397
B_naive	26	NFKB2	ST6GALNAC2	0.1335927087232207	0.515294158597396	815	0.5872541826983996
B_naive	26	PAX5	ST6GALNAC2	0.14740074063259753	0.47240317694533435	67	0.5476394228276342
B_naive	26	PRDM1	ST6GALNAC2	0.15154315020541057	0.4599054927896637	66	0.5373814368816396
B_naive	26	RELA	ST6GALNAC2	0.13083110234134535	0.5240932601186699	958	0.5925084374507026
B_naive	26	SMAD3	ST6GALNAC2	0.12737909436400116	0.5351924932022184	189	0.6037405892382687
B_naive	26	SPI1	ST6GALNAC2	0.10735744809540475	0.6016648143602547	338	0.6627115038776944
B_naive	26	STAT1	ST6GALNAC2	0.07697977789477577	0.7085738306851632	301	0.751950399806296
B_naive	26	STAT3	ST6GALNAC2	0.1080478496908736	0.5993158009015528	430	0.6612162984184469
B_naive	26	STAT6	ST6GALNAC2	0.2226545145387012	0.2742710682102704	126	0.3478123733783054
B_naive	26	DNMT1	AxisComposite	0.8516239316239315	3.4509209022639105e-08	184	3.260910682544116e-07
B_naive	26	EBF1	AxisComposite	0.8714529914529915	6.8676414868445615e-09	33	1.0510869003472267e-07
B_naive	26	FOS	AxisComposite	0.8803418803418802	3.0484375818931065e-09	340	6.268769441531727e-08
B_naive	26	IRF1	AxisComposite	0.8105982905982906	5.159766105098348e-07	165	2.470337249087086e-06
B_naive	26	IRF4	AxisComposite	0.859145299145299	1.9253528460087283e-08	59	2.1656739964262034e-07
B_naive	26	IRF8	AxisComposite	0.7852991452991451	2.018128489950072e-06	68	7.909843653305573e-06
B_naive	26	JUN	AxisComposite	0.9029059829059828	2.8007484801802003e-10	894	2.8169935416788474e-08
B_naive	26	JUNB	AxisComposite	0.8974358974358974	5.251758920688372e-10	617	2.9536398363582313e-08
B_naive	26	KLF2	AxisComposite	0.84	8.008602042127855e-08	66	5.87801168752403e-07
B_naive	26	MYC	AxisComposite	0.8988034188034186	4.5030237352059406e-10	873	2.9536398363582313e-08
B_naive	26	NFKB1	AxisComposite	0.8864957264957264	1.6718794041328973e-09	931	4.537402940983933e-08
B_naive	26	NFKB2	AxisComposite	0.8858119658119656	1.7902762089458104e-09	815	4.642782968532802e-08
B_naive	26	PAX5	AxisComposite	0.8427350427350427	6.609564200310722e-08	67	5.238276007988191e-07
B_naive	26	PRDM1	AxisComposite	0.8434188034188034	6.296241946977816e-08	66	5.076141175905431e-07
B_naive	26	RELA	AxisComposite	0.8899145299145298	1.1796104222331633e-09	958	3.9614542812837454e-08
B_naive	26	SMAD3	AxisComposite	0.9104273504273502	1.107516086595089e-10	189	2.8169935416788474e-08
B_naive	26	SPI1	AxisComposite	0.8598290598290598	1.8228661910825657e-08	338	2.085573377444465e-07
B_naive	26	STAT1	AxisComposite	0.8632478632478632	1.3806537550597868e-08	301	1.751329274081273e-07
B_naive	26	STAT3	AxisComposite	0.8769230769230769	4.196974127521972e-09	430	7.682931461675516e-08
B_naive	26	STAT6	AxisComposite	0.859145299145299	1.9253528460087283e-08	126	2.1656739964262034e-07
B_memory	26	DNMT1	C1GALT1	0.8167521367521368	3.5912007479224056e-07	184	3.944405903835715e-06
B_memory	26	EBF1	C1GALT1	0.7976068376068376	1.0643821755888977e-06	33	8.566441371808577e-06
B_memory	26	FOS	C1GALT1	0.8099145299145298	5.36746140032812e-07	340	5.187434744664941e-06
B_memory	26	IRF1	C1GALT1	0.8126495726495726	4.5793164181395837e-07	165	4.677516201285684e-06
B_memory	26	IRF4	C1GALT1	0.7729914529914529	3.6768395963452965e-06	59	2.32252871931527e-05
B_memory	26	IRF8	C1GALT1	0.8242735042735042	2.263548971692127e-07	68	2.9680467977131603e-06
B_memory	26	JUN	C1GALT1	0.8044444444444444	7.319371925106236e-07	894	6.483269097987839e-06
B_memory	26	JUNB	C1GALT1	0.818119658119658	3.3073011954803196e-07	617	3.840418403109983e-06
B_memory	26	KLF2	C1GALT1	0.8386324786324786	8.80382165837698e-08	66	1.6308031548136407e-06
B_memory	26	MYC	C1GALT1	0.8167521367521368	3.5912007479224056e-07	873	3.944405903835715e-06
B_memory	26	NFKB1	C1GALT1	0.8147008547008547	4.058278462992169e-07	931	4.276307870259018e-06
B_memory	26	NFKB2	C1GALT1	0.8017094017094016	8.516671917973535e-07	815	7.150328149838212e-06
B_memory	26	PAX5	C1GALT1	0.7709401709401709	4.048952657567029e-06	67	2.513365825202512e-05
B_memory	26	PRDM1	C1GALT1	0.7962393162393162	1.145220415097343e-06	66	9.014989709400333e-06
B_memory	26	RELA	C1GALT1	0.8242735042735042	2.263548971692127e-07	958	2.9680467977131603e-06
B_memory	26	SMAD3	C1GALT1	0.8393162393162392	8.397720450900756e-08	189	1.580667704225997e-06
B_memory	26	SPI1	C1GALT1	0.7948717948717947	1.2315263928505196e-06	338	9.502091242687976e-06
B_memory	26	STAT1	C1GALT1	0.8372649572649572	9.669620551410691e-08	301	1.7294171928729926e-06
B_memory	26	STAT3	C1GALT1	0.8229059829059829	2.465624244154475e-07	430	3.1106848572197535e-06
B_memory	26	STAT6	C1GALT1	0.7066666666666667	5.454460553824833e-05	126	0.00024341703504067227
B_memory	26	DNMT1	C1GALT1C1	0.31282051282051276	0.11971369997051672	184	0.17215759441231424
B_memory	26	EBF1	C1GALT1C1	0.33128205128205124	0.09829039700484733	33	0.14719909310831805
B_memory	26	FOS	C1GALT1C1	0.28068376068376066	0.1648538997367761	340	0.21501480971535927
B_memory	26	IRF1	C1GALT1C1	0.3545299145299145	0.07555429353027429	165	0.1174841579611327
B_memory	26	IRF4	C1GALT1C1	0.2752136752136752	0.17359210168014824	59	0.22347709063511637
B_memory	26	IRF8	C1GALT1C1	0.3627350427350427	0.06857249990922373	68	0.10814068566765418
B_memory	26	JUN	C1GALT1C1	0.2594871794871795	0.2005034472907049	894	0.24780251309319842
B_memory	26	JUNB	C1GALT1C1	0.27384615384615385	0.17582630494762727	617	0.22529706052580953
B_memory	26	KLF2	C1GALT1C1	0.2704273504273504	0.18149939565364717	66	0.2309182826141251
B_memory	26	MYC	C1GALT1C1	0.30393162393162393	0.13116981865699487	873	0.18420599082155595
B_memory	26	NFKB1	C1GALT1C1	0.26974358974358975	0.1826490885581006	931	0.23174937357684525
B_memory	26	NFKB2	C1GALT1C1	0.28136752136752136	0.16378383307949315	815	0.2140977129137704
B_memory	26	PAX5	C1GALT1C1	0.24717948717948715	0.2234570333933716	67	0.26918643403361514
B_memory	26	PRDM1	C1GALT1C1	0.41128205128205125	0.036853107356464285	66	0.06280770541802676
B_memory	26	RELA	C1GALT1C1	0.27999999999999997	0.16592888212887086	958	0.216054678320103
B_memory	26	SMAD3	C1GALT1C1	0.308034188034188	0.12578748516829724	189	0.17874459079622879
B_memory	26	SPI1	C1GALT1C1	0.308034188034188	0.12578748516829724	338	0.17874459079622879
B_memory	26	STAT1	C1GALT1C1	0.3107692307692307	0.12228985962353346	301	0.17489248306453867
B_memory	26	STAT3	C1GALT1C1	0.28136752136752136	0.16378383307949315	430	0.2140977129137704
B_memory	26	STAT6	C1GALT1C1	0.29435897435897435	0.14437477036657712	126	0.19642711398169105
B_memory	26	DNMT1	GALNT2	0.4981196581196581	0.009605172686534297	184	0.02080600747134204
B_memory	26	EBF1	GALNT2	0.44752136752136745	0.02188092186861391	33	0.04051572522121767
B_memory	26	FOS	GALNT2	0.5029059829059829	0.00882892728645773	340	0.01942197576493152
B_memory	26	IRF1	GALNT2	0.5336752136752136	0.004987980392119367	165	0.011922115960273018
B_memory	26	IRF4	GALNT2	0.4981196581196581	0.009605172686534297	59	0.02080600747134204
B_memory	26	IRF8	GALNT2	0.532991452991453	0.005054585257982164	68	0.012075129981709693
B_memory	26	JUN	GALNT2	0.4864957264957265	0.011729922367338313	894	0.024270956387737255
B_memory	26	JUNB	GALNT2	0.48854700854700855	0.011328973768061213	617	0.023896814075603137
B_memory	26	KLF2	GALNT2	0.5507692307692307	0.0035478840173657523	66	0.008790617087613233
B_memory	26	MYC	GALNT2	0.5247863247863247	0.0059142956697021	873	0.013859403707916367
B_memory	26	NFKB1	GALNT2	0.4947008547008547	0.010193791993774423	931	0.021817799645547458
B_memory	26	NFKB2	GALNT2	0.4878632478632478	0.011461339172620127	815	0.02399171805282097
B_memory	26	PAX5	GALNT2	0.42358974358974355	0.031055437991071633	67	0.05433537651511333
B_memory	26	PRDM1	GALNT2	0.5644444444444444	0.0026663233910131675	66	0.0068726657036164915
B_memory	26	RELA	GALNT2	0.5015384615384615	0.009045164025594835	958	0.019795042508896715
B_memory	26	SMAD3	GALNT2	0.5323076923076923	0.005121940228475202	189	0.012204807037530496
B_memory	26	SPI1	GALNT2	0.5035897435897435	0.008722438866213052	338	0.01926033331479779
B_memory	26	STAT1	GALNT2	0.5152136752136752	0.00706989912254361	301	0.01616966639100126
B_memory	26	STAT3	GALNT2	0.4782905982905982	0.013453309507056995	430	0.02708065924059597
B_memory	26	STAT6	GALNT2	0.3688888888888889	0.06367014647604437	126	0.10136843238409791
B_memory	26	DNMT1	GALNT12	0.6047863247863248	0.0010647326795773088	184	0.00305668643804851
B_memory	26	EBF1	GALNT12	0.6054700854700855	0.0010471916713445095	33	0.0030174634085408463
B_memory	26	FOS	GALNT12	0.6205128205128205	0.0007196101454274512	340	0.0022012714016090055
B_memory	26	IRF1	GALNT12	0.5418803418803418	0.004244848437622029	165	0.010320287763968558
B_memory	26	IRF4	GALNT12	0.5651282051282052	0.0026276722047439984	59	0.00678803201535417
B_memory	26	IRF8	GALNT12	0.5336752136752136	0.004987980392119367	68	0.011922115960273018
B_memory	26	JUN	GALNT12	0.6519658119658119	0.000307749688014876	894	0.0011093247441339312
B_memory	26	JUNB	GALNT12	0.6478632478632478	0.0003456573821189112	617	0.0012288870218820087
B_memory	26	KLF2	GALNT12	0.6047863247863248	0.0010647326795773088	66	0.00305668643804851
B_memory	26	MYC	GALNT12	0.6164102564102564	0.000798632470622012	873	0.0023897540851689435
B_memory	26	NFKB1	GALNT12	0.6526495726495727	0.000301798854946658	931	0.0010954876010038875
B_memory	26	NFKB2	GALNT12	0.6458119658119658	0.00036609661174944575	815	0.0012820247439207899
B_memory	26	PAX5	GALNT12	0.5685470085470085	0.002441516085506911	67	0.00636348246071818
B_memory	26	PRDM1	GALNT12	0.4584615384615384	0.018495400117791695	66	0.03513900193319155
B_memory	26	RELA	GALNT12	0.6519658119658119	0.000307749688014876	958	0.0011093247441339312
B_memory	26	SMAD3	GALNT12	0.625982905982906	0.0006248575076233789	189	0.001958921991662816
B_memory	26	SPI1	GALNT12	0.5808547008547009	0.0018616663297556465	338	0.005023270767225062
B_memory	26	STAT1	GALNT12	0.591111111111111	0.0014729740589539508	301	0.0040637369427878505
B_memory	26	STAT3	GALNT12	0.5952136752136752	0.0013383344447289716	430	0.00374316667944568
B_memory	26	STAT6	GALNT12	0.524102564102564	0.005991185761768408	126	0.014011450468905276
B_memory	26	DNMT1	ST6GALNAC2	0.35094546129173837	0.07876935868684962	184	0.12195534538978905
B_memory	26	EBF1	ST6GALNAC2	0.36466766896687963	0.06700265250206122	33	0.10587961471889701
B_memory	26	FOS	ST6GALNAC2	0.30291773442874387	0.13252534647568154	340	0.18488592867557724
B_memory	26	IRF1	ST6GALNAC2	0.3022316240449868	0.13344838761355965	165	0.1857849905696679
B_memory	26	IRF4	ST6GALNAC2	0.2603788906358059	0.19890554309771888	59	0.2463494495038874
B_memory	26	IRF8	ST6GALNAC2	0.293998299439902	0.1448902581335096	68	0.19695623907024543
B_memory	26	JUN	ST6GALNAC2	0.29742885135868735	0.14004035149698432	894	0.19238032983752879
B_memory	26	JUNB	ST6GALNAC2	0.3077205071150433	0.1261932385345778	617	0.17915755397792252
B_memory	26	KLF2	ST6GALNAC2	0.1753012030499299	0.3916857153391106	66	0.4288972365008136
B_memory	26	MYC	ST6GALNAC2	0.26861221524089063	0.1845624881671942	873	0.23347905007167005
B_memory	26	NFKB1	ST6GALNAC2	0.3132093901850998	0.11922983703647892	931	0.17151460070455582
B_memory	26	NFKB2	ST6GALNAC2	0.32898992901151225	0.10078197133104262	815	0.14963430094570832
B_memory	26	PAX5	ST6GALNAC2	0.1272734761869354	0.535533826427436	67	0.5671215748101794
B_memory	26	PRDM1	ST6GALNAC2	0.26380944255459116	0.1928394480870991	66	0.2412043257423844
B_memory	26	RELA	ST6GALNAC2	0.3132093901850998	0.11922983703647892	958	0.17151460070455582
B_memory	26	SMAD3	ST6GALNAC2	0.24116779989060808	0.23528355122318445	189	0.28025098675933274
B_memory	26	SPI1	ST6GALNAC2	0.2583205594845347	0.20260718220836094	338	0.24954362178064085
B_memory	26	STAT1	ST6GALNAC2	0.26861221524089063	0.1845624881671942	301	0.23347905007167005
B_memory	26	STAT3	ST6GALNAC2	0.31183716941758566	0.12094364899686842	430	0.17365885989461144
B_memory	26	STAT6	ST6GALNAC2	0.43259259695882896	0.02729748697348439	126	0.04856123063728092
B_memory	26	DNMT1	AxisComposite	0.837948717948718	9.227562171988866e-08	184	1.6891866752487853e-06
B_memory	26	EBF1	AxisComposite	0.8646153846153846	1.2328498228777593e-08	33	6.933666232763109e-07
B_memory	26	FOS	AxisComposite	0.8502564102564102	3.824067197745775e-08	340	9.5458533043194e-07
B_memory	26	IRF1	AxisComposite	0.8605128205128205	1.7253401870060042e-08	165	7.353137168341885e-07
B_memory	26	IRF4	AxisComposite	0.831111111111111	1.4596158679968148e-07	59	2.2561214807315e-06
B_memory	26	IRF8	AxisComposite	0.8776068376068377	3.939984240489251e-09	68	6.706977744089829e-07
B_memory	26	JUN	AxisComposite	0.8509401709401709	3.6331668465986875e-08	894	9.167363697255498e-07
B_memory	26	JUNB	AxisComposite	0.8550427350427351	2.6576323409491527e-08	617	7.428639381766853e-07
B_memory	26	KLF2	AxisComposite	0.8666666666666666	1.037872721648654e-08	66	6.753347233854398e-07
B_memory	26	MYC	AxisComposite	0.865982905982906	1.0995166876026869e-08	873	6.753347233854398e-07
B_memory	26	NFKB1	AxisComposite	0.8577777777777776	2.146113404182745e-08	931	7.353137168341885e-07
B_memory	26	NFKB2	AxisComposite	0.8557264957264956	2.5203554990032168e-08	815	7.353137168341885e-07
B_memory	26	PAX5	AxisComposite	0.7866666666666666	1.8835109699013974e-06	67	1.3402788426066651e-05
B_memory	26	PRDM1	AxisComposite	0.8406837606837606	7.635831365084317e-08	66	1.4668337782803948e-06
B_memory	26	RELA	AxisComposite	0.865982905982906	1.0995166876026869e-08	958	6.753347233854398e-07
B_memory	26	SMAD3	AxisComposite	0.8885470085470085	1.3580405152241714e-09	189	4.5315126795932013e-07
B_memory	26	SPI1	AxisComposite	0.8550427350427351	2.6576323409491527e-08	338	7.428639381766853e-07
B_memory	26	STAT1	AxisComposite	0.8673504273504273	9.793745547570646e-09	301	6.753347233854398e-07
B_memory	26	STAT3	AxisComposite	0.844102564102564	5.996393242289214e-08	430	1.2496055203127703e-06
B_memory	26	STAT6	AxisComposite	0.7326495726495725	2.0819232324585366e-05	126	0.00010338742179911116
B_plasma	26	DNMT1	C1GALT1	0.6382905982905983	0.00045035276322533254	184	0.001783076080352716
B_plasma	26	EBF1	C1GALT1	0.6902564102564103	9.526273666593729e-05	33	0.000550354523213608
B_plasma	26	FOS	C1GALT1	0.643076923076923	0.0003949866346256413	340	0.0016088984384227693
B_plasma	26	IRF1	C1GALT1	0.6505982905982907	0.00031995998259249476	165	0.0013727694841376523
B_plasma	26	IRF4	C1GALT1	0.4892307692307692	0.011197879945369717	59	0.01933158926883813
B_plasma	26	IRF8	C1GALT1	0.4646153846153846	0.016787869254013415	68	0.026920568078919488
B_plasma	26	JUN	C1GALT1	0.7285470085470084	2.441222128231645e-05	894	0.00020276912623817293
B_plasma	26	JUNB	C1GALT1	0.7394871794871795	1.586487475011906e-05	617	0.0001508293998646757
B_plasma	26	KLF2	C1GALT1	0.6970940170940171	7.584532021062645e-05	66	0.00046462723719580614
B_plasma	26	MYC	C1GALT1	0.6382905982905983	0.00045035276322533254	873	0.001783076080352716
B_plasma	26	NFKB1	C1GALT1	0.7319658119658119	2.1383267612139773e-05	931	0.0001828151890356565
B_plasma	26	NFKB2	C1GALT1	0.7169230769230769	3.7761880589925224e-05	815	0.0002762891200529325
B_plasma	26	PAX5	C1GALT1	0.610940170940171	0.0009156321379779107	67	0.003022751640792707
B_plasma	26	PRDM1	C1GALT1	0.6998290598290597	6.911594255769801e-05	66	0.00043599083764774905
B_plasma	26	RELA	C1GALT1	0.7319658119658119	2.1383267612139773e-05	958	0.0001828151890356565
B_plasma	26	SMAD3	C1GALT1	0.7442735042735041	1.3051453326099745e-05	189	0.0001350868827632674
B_plasma	26	SPI1	C1GALT1	0.5952136752136752	0.0013383344447289716	338	0.003934096465991712
B_plasma	26	STAT1	C1GALT1	0.7415384615384616	1.4599091714994295e-05	301	0.00014138705420247587
B_plasma	26	STAT3	C1GALT1	0.7333333333333333	2.0268458137033508e-05	430	0.00017751062398437602
B_plasma	26	STAT6	C1GALT1	0.6533333333333332	0.00029594893004467537	126	0.001294741898264803
B_plasma	26	DNMT1	C1GALT1C1	0.6102564102564102	0.0009312516120635916	184	0.0030656435296987626
B_plasma	26	EBF1	C1GALT1C1	0.44478632478632474	0.022801672485381647	33	0.03501256814531629
B_plasma	26	FOS	C1GALT1C1	0.6252991452991452	0.0006360744047572759	340	0.0022928149200053777
B_plasma	26	IRF1	C1GALT1C1	0.6123076923076922	0.0008850725079017893	165	0.0029405825387085784
B_plasma	26	IRF4	C1GALT1C1	0.4523076923076923	0.020342518612027485	59	0.03165295896031477
B_plasma	26	IRF8	C1GALT1C1	0.5514529914529913	0.0034985633791806527	68	0.00788951393913782
B_plasma	26	JUN	C1GALT1C1	0.5952136752136752	0.0013383344447289716	894	0.003934096465991712
B_plasma	26	JUNB	C1GALT1C1	0.5767521367521368	0.002040155452612509	617	0.005377439668433198
B_plasma	26	KLF2	C1GALT1C1	0.6731623931623931	0.00016416526892545382	66	0.0008338666761088339
B_plasma	26	MYC	C1GALT1C1	0.6328205128205128	0.0005218074946860474	873	0.0019803230773938777
B_plasma	26	NFKB1	C1GALT1C1	0.6054700854700855	0.0010471916713445095	931	0.00328735085530341
B_plasma	26	NFKB2	C1GALT1C1	0.604102564102564	0.0010825271141228514	815	0.0033643385943578365
B_plasma	26	PAX5	C1GALT1C1	0.5863247863247864	0.001644650814933724	67	0.004608181274976364
B_plasma	26	PRDM1	C1GALT1C1	0.6034188034188035	0.0011005780070111172	66	0.003409089672679426
B_plasma	26	RELA	C1GALT1C1	0.6054700854700855	0.0010471916713445095	958	0.00328735085530341
B_plasma	26	SMAD3	C1GALT1C1	0.5377777777777777	0.004603733590348422	189	0.009628238530352344
B_plasma	26	SPI1	C1GALT1C1	0.6635897435897435	0.00021935918123493003	338	0.0010395620893448258
B_plasma	26	STAT1	C1GALT1C1	0.5952136752136752	0.0013383344447289716	301	0.003934096465991712
B_plasma	26	STAT3	C1GALT1C1	0.6307692307692306	0.0005510417535198182	430	0.002057810324344409
B_plasma	26	STAT6	C1GALT1C1	0.6294017094017094	0.0005713139900703576	126	0.0021250149048991467
B_plasma	26	DNMT1	GALNT2	0.5452991452991452	0.003964171913999596	184	0.008622905169874238
B_plasma	26	EBF1	GALNT2	0.4769230769230769	0.013759916517235616	33	0.022858110427920235
B_plasma	26	FOS	GALNT2	0.507008547008547	0.008205958223218346	340	0.015086810943672011
B_plasma	26	IRF1	GALNT2	0.3846153846153845	0.05236953532427928	165	0.07164741819863296
B_plasma	26	IRF4	GALNT2	0.37777777777777777	0.05707247783433288	59	0.07697611283752265
B_plasma	26	IRF8	GALNT2	0.3565811965811965	0.07376004351322926	68	0.09671682110105456
B_plasma	26	JUN	GALNT2	0.5425641025641026	0.004187404071548548	894	0.008982905425546242
B_plasma	26	JUNB	GALNT2	0.5254700854700854	0.005838238716710813	617	0.011592045227395183
B_plasma	26	KLF2	GALNT2	0.6054700854700855	0.0010471916713445095	66	0.00328735085530341
B_plasma	26	MYC	GALNT2	0.6731623931623931	0.00016416526892545382	873	0.0008338666761088339
B_plasma	26	NFKB1	GALNT2	0.5234188034188034	0.006068916179581464	931	0.011943381419176339
B_plasma	26	NFKB2	GALNT2	0.5206837606837607	0.0063883862898739	815	0.012338017046392787
B_plasma	26	PAX5	GALNT2	0.7333333333333333	2.0268458137033508e-05	67	0.00017751062398437602
B_plasma	26	PRDM1	GALNT2	0.483076923076923	0.012424296057368528	66	0.021043764149418102
B_plasma	26	RELA	GALNT2	0.5234188034188034	0.006068916179581464	958	0.011943381419176339
B_plasma	26	SMAD3	GALNT2	0.52	0.0064704275852723175	189	0.012444975676988537
B_plasma	26	SPI1	GALNT2	0.41264957264957264	0.03616926765207856	338	0.0520783903145906
B_plasma	26	STAT1	GALNT2	0.47965811965811966	0.013152370038791203	301	0.02202125657857867
B_plasma	26	STAT3	GALNT2	0.5138461538461538	0.007249499446351302	430	0.01364542879659995
B_plasma	26	STAT6	GALNT2	0.42085470085470084	0.03227586143893233	126	0.04712659405597001
B_plasma	26	DNMT1	GALNT12	0.5931623931623932	0.0014042643525630795	184	0.004063921883300964
B_plasma	26	EBF1	GALNT12	0.6847863247863248	0.00011382646241388955	33	0.0006207265497056501
B_plasma	26	FOS	GALNT12	0.5261538461538461	0.005763007757421197	340	0.011467058913743455
B_plasma	26	IRF1	GALNT12	0.5247863247863247	0.0059142956697021	165	0.011713165967827495
B_plasma	26	IRF4	GALNT12	0.3839316239316239	0.05282571400781859	59	0.0721235545447491
B_plasma	26	IRF8	GALNT12	0.31555555555555553	0.11634098707424882	68	0.1416852928939717
B_plasma	26	JUN	GALNT12	0.5904273504273503	0.0014965115450164906	894	0.004277841942521113
B_plasma	26	JUNB	GALNT12	0.6013675213675214	0.0011563001729110324	617	0.00353941587354013
B_plasma	26	KLF2	GALNT12	0.5343589743589743	0.004922118976676807	66	0.010135179260312013
B_plasma	26	MYC	GALNT12	0.5391452991452992	0.00448135521632332	873	0.009435708682813376
B_plasma	26	NFKB1	GALNT12	0.5794871794871794	0.0019196104952663806	931	0.005123351510522278
B_plasma	26	NFKB2	GALNT12	0.5699145299145298	0.0023702778664135386	815	0.005929505402153482
B_plasma	26	PAX5	GALNT12	0.5384615384615384	0.0045421954027157286	67	0.009533708695987868
B_plasma	26	PRDM1	GALNT12	0.4947008547008547	0.010193791993774423	66	0.017909153566781712
B_plasma	26	RELA	GALNT12	0.5794871794871794	0.0019196104952663806	958	0.005123351510522278
B_plasma	26	SMAD3	GALNT12	0.4878632478632478	0.011461339172620127	189	0.01970590469900212
B_plasma	26	SPI1	GALNT12	0.39350427350427347	0.04671519841112546	338	0.06494054106389534
B_plasma	26	STAT1	GALNT12	0.576068376068376	0.00207128632372396	301	0.005447191300925885
B_plasma	26	STAT3	GALNT12	0.5473504273504273	0.003803451935599833	430	0.008366877302252601
B_plasma	26	STAT6	GALNT12	0.48376068376068376	0.012282764084178424	126	0.02084185486911846
B_plasma	26	DNMT1	ST6GALNAC2	0.4234632355691655	0.031111058527388814	184	0.045611313192792394
B_plasma	26	EBF1	ST6GALNAC2	0.37304224634695254	0.06051768000184502	33	0.08115384379448795
B_plasma	26	FOS	ST6GALNAC2	0.37742668019236236	0.05732254782831484	340	0.07726874191815584
B_plasma	26	IRF1	ST6GALNAC2	0.34381268737755366	0.08547561969184807	165	0.10952516956397113
B_plasma	26	IRF4	ST6GALNAC2	0.18816528586550493	0.3572952314543421	59	0.3834147449261768
B_plasma	26	IRF8	ST6GALNAC2	0.5184593022197117	0.0066585415063381915	68	0.012722911073101384
B_plasma	26	JUN	ST6GALNAC2	0.35550451096531327	0.07469770742322099	894	0.09775410660263403
B_plasma	26	JUNB	ST6GALNAC2	0.35769672788801815	0.0727980733405959	617	0.09567044097801286
B_plasma	26	KLF2	ST6GALNAC2	0.33723603660943896	0.09203356256606243	66	0.11595483672290943
B_plasma	26	MYC	ST6GALNAC2	0.2568547494435922	0.20527170304652595	873	0.23331100799152255
B_plasma	26	NFKB1	ST6GALNAC2	0.3313901248155592	0.09817406641557604	931	0.1225010804672304
B_plasma	26	NFKB2	ST6GALNAC2	0.31823682327932973	0.11310290443240702	815	0.1381743935855734
B_plasma	26	PAX5	ST6GALNAC2	0.18670380791703503	0.3611099586830935	67	0.3870634413622687
B_plasma	26	PRDM1	ST6GALNAC2	0.21301041098949394	0.29612579983761256	66	0.323424247459517
B_plasma	26	RELA	ST6GALNAC2	0.3313901248155592	0.09817406641557604	958	0.1225010804672304
B_plasma	26	SMAD3	ST6GALNAC2	0.3971566324967066	0.04453618233363371	189	0.06239342711086499
B_plasma	26	SPI1	ST6GALNAC2	0.36354263968189793	0.06791309560779088	338	0.09008761872610624
B_plasma	26	STAT1	ST6GALNAC2	0.32846716891861927	0.10135675519323113	301	0.12596734111874414
B_plasma	26	STAT3	ST6GALNAC2	0.35769672788801815	0.0727980733405959	430	0.09567044097801286
B_plasma	26	STAT6	ST6GALNAC2	0.4410009709508048	0.024127704028058177	126	0.036806575948684826
B_plasma	26	DNMT1	AxisComposite	0.8003418803418804	9.178913787079526e-07	184	1.75603153926587e-05
B_plasma	26	EBF1	AxisComposite	0.7894017094017093	1.6381560327565768e-06	33	2.664429394044495e-05
B_plasma	26	FOS	AxisComposite	0.7805128205128204	2.5598634004296194e-06	340	3.6767514932939884e-05
B_plasma	26	IRF1	AxisComposite	0.7538461538461538	8.719165814865052e-06	165	9.807485788865075e-05
B_plasma	26	IRF4	AxisComposite	0.5829059829059828	0.0017775678322434027	59	0.004869534413680871
B_plasma	26	IRF8	AxisComposite	0.5904273504273503	0.0014965115450164906	68	0.004277841942521113
B_plasma	26	JUN	AxisComposite	0.8482051282051282	4.4524081255191716e-08	894	3.7788802054406346e-06
B_plasma	26	JUNB	AxisComposite	0.8447863247863248	5.7094995745745354e-08	617	4.082063528957284e-06
B_plasma	26	KLF2	AxisComposite	0.8434188034188034	6.296241946977816e-08	66	4.082063528957284e-06
B_plasma	26	MYC	AxisComposite	0.8133333333333332	4.399314386742778e-07	873	1.0267999778657644e-05
B_plasma	26	NFKB1	AxisComposite	0.8434188034188034	6.296241946977816e-08	931	4.082063528957284e-06
B_plasma	26	NFKB2	AxisComposite	0.8297435897435896	1.5959337126130685e-07	815	5.6868844049448884e-06
B_plasma	26	PAX5	AxisComposite	0.79008547008547	1.5814820434023874e-06	67	2.6178575101426753e-05
B_plasma	26	PRDM1	AxisComposite	0.7887179487179486	1.6966442966778927e-06	66	2.721627346011135e-05
B_plasma	26	RELA	AxisComposite	0.8434188034188034	6.296241946977816e-08	958	4.082063528957284e-06
B_plasma	26	SMAD3	AxisComposite	0.8153846153846154	3.896846567537868e-07	189	9.474208217326442e-06
B_plasma	26	SPI1	AxisComposite	0.7162393162393161	3.8717880888790394e-05	338	0.00028108097665454675
B_plasma	26	STAT1	AxisComposite	0.8420512820512819	6.936896566689326e-08	301	4.093664012508532e-06
B_plasma	26	STAT3	AxisComposite	0.8434188034188034	6.296241946977816e-08	430	4.082063528957284e-06
B_plasma	26	STAT6	AxisComposite	0.7558974358974359	7.978413181771184e-06	126	9.105924873473811e-05
