	B_naive	B_memory	B_plasma
ABL1	0.30620295	0.36814865	0.37064868
AEBP1	0.026239742	0.06008286	0.09812985
AHR	0.13954401	0.16829069	0.16945848
AHRR	0.19289446	0.23780717	0.20565765
AIP	0.19444622	0.25639474	0.22062495
AIRE	0.1410027	0.17631009	0.18760063
APEX1	0.17929308	0.21280313	0.1876737
AR	0.1777541	0.22185549	0.22625709
ARID1A	0.13398887	0.17367297	0.16193135
ARID1B	0.23673962	0.2987238	0.2987408
ARID3A	0.17891176	0.25705916	0.20738456
ARID3B	0.25697902	0.3745276	0.3361767
ARID4A	0.34267506	0.43434268	0.44046646
ARID4B	0.075719625	0.10065326	0.120582424
ARID5B	0.14719097	0.18153018	0.24342002
ARNT	0.1356869	0.18618184	0.19406042
ARX	0.06398931	0.07502714	0.09388292
ASCL1	0.089567	0.12916927	0.13239688
ASCL2	0.05996162	0.04332699	0.05230497
ASXL1	0.09422051	0.16679944	0.14265256
ATF1	0.18513575	0.21831459	0.2290882
ATF2	0.16374025	0.2113095	0.20678094
ATF3	0.146862	0.18874624	0.19026549
ATF4	0.15224928	0.19995238	0.20017132
ATF5	0.22364333	0.25967818	0.28260276
ATF6	0.23419139	0.280425	0.30634272
ATF7	0.10069614	0.14106892	0.2537619
ATOH1	0.015075019	0.02893745	0.03570347
ATOH7	0.0070925825	0.016175637	0.045681085
BACH1	0.15205148	0.25356004	0.23738287
BACH2	0.18191017	0.2848429	0.37001216
BARX1	0.067315206	0.09521189	0.17875457
BARX2	0.1050695	0.18005736	0.18380833
BATF	0.16811481	0.2476473	0.30138516
BCL11A	0.09364811	0.12632921	0.086320475
BCL11B	0.14992046	0.18599886	0.18612964
BCL3	0.16151562	0.20443186	0.20935774
BCL6	0.1945335	0.22077698	0.24126126
BCLAF1	0.20879608	0.21146385	0.185194
BCOR	0.12884328	0.20032786	0.16691676
BHLHA15	0.04146053	0.06522724	0.067048535
BHLHE40	0.12389867	0.17899035	0.18835925
BHLHE41	0.11932902	0.17982921	0.18773915
BMAL1	0.16471197	0.23219365	0.2218779
BMAL2	0.14161855	0.26013595	0.29497543
BRCA1	0.19604924	0.23303682	0.23144938
BRD4	0.29108614	0.37996328	0.38127235
BTG2	0.2431446	0.30945635	0.2705739
CDX1	0.079582855	0.11280281	0.11714173
CDX2	0.07980604	0.1092755	0.11029172
CEBPA	0.11588884	0.15996858	0.17047356
CEBPB	0.14491872	0.18437539	0.19655252
CEBPD	0.10440062	0.13206047	0.14196257
CEBPE	0.15292722	0.19455582	0.19483784
CEBPG	0.11888433	0.14713828	0.1588508
CEBPZ	0.12592198	0.17785381	0.18032953
CHD4	0.19055595	0.16568886	0.10024897
CIITA	0.2586846	0.2880666	0.26054177
CLOCK	0.16494724	0.22104897	0.2171385
CREB1	0.14923495	0.18503834	0.18564439
CREB3	0.14610821	0.16603146	0.17180535
CREB3L1	0.10301316	0.10777546	0.13735217
CREB3L3	0.09847992	0.1423614	0.13614506
CREB5	0.20638862	0.3299821	0.33396938
CREBBP	0.18505934	0.24507236	0.2321934
CREBZF	0.1238262	0.17600821	0.15279698
CREM	0.15373868	0.19590586	0.23282793
CRX	0.074798025	0.094299205	0.09207367
CTBP1	0.1112576	0.13355564	0.1399059
CTBP2	0.085963674	0.15535508	0.1858862
CTCF	0.1651946	0.21316227	0.2088255
CTCFL	0.1740659	0.19996823	0.19447336
CTNNB1	0.11764408	0.15396598	0.15870984
CUX1	0.18795206	0.236439	0.23938513
CXXC1	0.15956801	0.20628364	0.22488543
DACH1	0.12991323	0.10217496	0.114710964
DAXX	0.31908256	0.29171726	0.278635
DBP	0.1089203	0.12871948	0.11583398
DDIT3	0.18889901	0.245322	0.25585306
DEAF1	0.076233014	0.08259357	0.09061266
DLX1	0.013293672	0.022087712	0.029108195
DLX2	0.0872839	0.11431046	0.10336607
DLX3	0.061338387	0.09071429	0.10522595
DLX4	0.124338545	0.154573	0.15778598
DLX5	0.05188713	0.06348473	0.07375211
DMAP1	0.28362438	0.41514513	0.40307844
DMRT1	0.019522183	0.026218224	0.030888796
DMTF1	0.14348567	0.20542869	0.18619959
DNMT1	0.14176199	0.1853307	0.20250052
DNMT3A	0.12238871	0.15992968	0.15788184
DNMT3B	0.15937647	0.2002177	0.20377567
DOT1L	0.34274003	0.36454737	0.37114114
E2F1	0.19086225	0.23778902	0.23560916
E2F2	0.164321	0.22357768	0.21663879
E2F3	0.16577451	0.22232604	0.22235465
E2F4	0.19985554	0.24817032	0.2416308
E2F5	0.08960189	0.106546015	0.10614695
E2F6	0.23504129	0.27411348	0.25268432
E2F7	0.082246654	0.16948381	0.15254451
E4F1	0.2368221	0.27178895	0.24327217
EBF1	0.16373731	0.17616993	0.19364534
EBF3	0.09348767	0.16155456	0.14740731
EGR1	0.14254664	0.17600594	0.18660635
EGR2	0.14576885	0.1896352	0.2244796
EGR3	0.15722965	0.16797668	0.20404132
EGR4	0.11320289	0.13092804	0.13049266
EHF	0.1558521	0.17504518	0.17129996
ELF1	0.20536818	0.2514713	0.25994393
ELF2	0.19810888	0.22621176	0.20116347
ELF3	0.087822944	0.093719155	0.11224837
ELF4	0.16921951	0.21311195	0.23915678
ELF5	0.092149764	0.10918553	0.11861562
ELK1	0.17369564	0.24470781	0.23834692
ELK3	0.100397505	0.13584815	0.12925504
ELK4	0.34824234	0.38358396	0.3948085
EMX2	0.06859173	0.1068933	0.11729797
EN1	0.1444903	0.16752927	0.16771954
ENO1	0.16431035	0.18330978	0.19115144
EOMES	0.10276087	0.13193609	0.19056326
EP300	0.12779742	0.16642277	0.1707081
EPAS1	0.17125307	0.2111125	0.21454576
ERF	0.19988619	0.21603213	0.21365777
ERG	0.1055209	0.13154036	0.148864
ESR1	0.15849766	0.19873285	0.20097613
ESR2	0.13368677	0.17426799	0.18224278
ESRRA	0.107105836	0.14558858	0.14633518
ESRRB	0.12544133	0.16394281	0.15533313
ESRRG	0.15655866	0.2036481	0.18397564
ETS1	0.1568732	0.2004738	0.22003317
ETS2	0.12916453	0.16888024	0.18383448
ETV1	0.12987033	0.15497234	0.16808629
ETV2	0.18793906	0.20892924	0.13787653
ETV3	0.21543312	0.25284505	0.23628646
ETV4	0.11654805	0.14262567	0.1686363
ETV5	0.05264662	0.049736064	0.06637176
ETV6	0.10722759	0.15952222	0.15395921
ETV7	0.1608308	0.2137455	0.1774103
EWSR1	0.12118881	0.16296376	0.18205197
EZH2	0.13713236	0.1771205	0.18194212
FEV	0.095264845	0.16661057	0.19226258
FEZF1	0.041937523	0.07466572	0.068550676
FEZF2	0.10600083	0.12471516	0.11977789
FGF2	0.09706326	0.12585682	0.14283672
FHL2	0.2920899	0.3835138	0.30100808
FLI1	0.15142488	0.19298044	0.19092968
FOS	0.13484468	0.17149545	0.18506569
FOSB	0.118477546	0.14456874	0.15892777
FOSB_JUN	0.1457617	0.18153383	0.19036366
FOSB_JUNB	0.1457617	0.18153383	0.19036366
FOSB_JUND	0.1457617	0.18153383	0.19036366
FOSL1	0.06647363	0.090593934	0.0948762
FOSL1_JUN	0.1457617	0.18153383	0.19036366
FOSL1_JUNB	0.1457617	0.18153383	0.19036366
FOSL1_JUND	0.1457617	0.18153383	0.19036366
FOSL2	0.09447462	0.120044105	0.13549735
FOSL2_JUN	0.1457617	0.18153383	0.19036366
FOSL2_JUNB	0.1457617	0.18153383	0.19036366
FOSL2_JUND	0.1457617	0.18153383	0.19036366
FOS_JUN	0.1457617	0.18153383	0.19036366
FOS_JUNB	0.1457617	0.18153383	0.19036366
FOS_JUND	0.1457617	0.18153383	0.19036366
FOXA1	0.076966	0.089575216	0.084027976
FOXA2	0.07828396	0.093128175	0.104355745
FOXA3	0.038033824	0.044908267	0.075776055
FOXC1	0.13558392	0.10217385	0.11352429
FOXC2	0.113673314	0.13376302	0.13594815
FOXD1	0.06933463	0.0876303	0.08559863
FOXD3	0.08206554	0.09646703	0.10227223
FOXE1	0.0306246	0.040128462	0.047981355
FOXF1	0.008155648	0.011085283	0.01728399
FOXF2	0.13369633	0.21829186	0.23406023
FOXG1	0.09388932	0.13153349	0.095649555
FOXH1	0.17608537	0.1534014	0.15603822
FOXI1	0.10348379	0.09657647	0.09434361
FOXJ1	0.07432656	0.08433135	0.069409594
FOXL2	0.09182976	0.123708636	0.12561665
FOXM1	0.09996491	0.13507397	0.13457352
FOXN1	0.12073737	0.15375306	0.16135803
FOXN4	0.077122875	0.123207286	0.10904248
FOXO1	0.13988796	0.17897019	0.17995238
FOXO3	0.19022506	0.22493823	0.23979813
FOXO4	0.1935323	0.21619524	0.20926009
FOXO6	0.17068014	0.19937679	0.21076204
FOXP1	0.07964312	0.081645556	0.11021225
FOXP2	0.080834456	0.05166144	0.0746302
FOXP3	0.15169354	0.19836465	0.23118733
FOXQ1	0.09845793	0.12654857	0.13522512
GABPA	0.17476591	0.21113497	0.23274611
GATA1	0.12617055	0.16822511	0.17046598
GATA2	0.11883125	0.14129627	0.14310588
GATA3	0.14561754	0.19243002	0.21715632
GATA4	0.1037403	0.12651272	0.13961469
GATA5	0.096567705	0.113292225	0.10476196
GATA6	0.0726727	0.09084003	0.09692243
GBX2	0.05636294	0.07831173	0.041476276
GCM1	0.115904525	0.122369595	0.11776255
GFI1	0.17059924	0.21344899	0.23394512
GFI1B	0.20098713	0.23219149	0.31162196
GLI1	0.1280559	0.16717222	0.16931519
GLI2	0.12861475	0.1595051	0.17197742
GLI3	0.12048095	0.15647589	0.15442047
GLIS3	0.018981885	0.047270242	0.085670084
GRHL2	0.09332073	0.11559543	0.1103297
GRHL3	0.12827407	0.14527579	0.17317407
GSC	0.07244296	0.07129239	0.06592944
GTF2I	0.22979337	0.2674046	0.28851026
GTF2IRD1	0.25615066	0.21677536	0.25919926
GTF3A	0.15420464	0.17079905	0.16903949
HAND1	0.030744161	0.06231192	0.089359865
HAND2	0.04663758	0.06303931	0.0664996
HBP1	0.22838996	0.2375492	0.21415594
HCFC1	0.100688145	0.1371286	0.14461091
HDAC1	0.15521394	0.20106831	0.19402212
HDAC3	0.17452209	0.19313748	0.17420235
HDAC4	0.16280064	0.20589758	0.19140972
HDAC5	0.13159145	0.15348837	0.12158795
HDAC7	0.22422904	0.26012516	0.22060499
HDAC9	0.23071432	0.28129375	0.27261943
HDGF	0.16770658	0.2922898	0.2735683
HES1	0.1584112	0.18791905	0.20481561
HES5	0.04729462	0.047053583	0.054684445
HES6	0.017732965	0.073552385	0.09440398
HESX1	0.12172302	0.15061365	0.15525627
HEY1	0.108842134	0.12595788	0.12414492
HEY2	0.07586957	0.10695391	0.11224227
HEYL	0.019838843	0.046891574	0.034659885
HHEX	0.13472408	0.14794935	0.14396001
HIC1	0.1604771	0.22074106	0.2152155
HIF1A	0.1621372	0.20729247	0.21549347
HIF3A	0.09399649	0.081903085	0.07510027
HINFP	0.2827861	0.33131757	0.31361264
HIPK2	0.24251936	0.269748	0.2780703
HIVEP1	0.18566519	0.19432825	0.17297308
HIVEP2	0.07755114	0.21562894	0.2411517
HIVEP3	0.15264843	0.23818333	0.29612234
HLF	0.123288974	0.15848376	0.16788372
HLX	0.17366108	0.22358614	0.14972535
HMGA1	0.1466537	0.18153025	0.16835181
HMGA2	0.12792367	0.14848647	0.14652587
HMGB2	0.15047528	0.24441311	0.21327344
HNF1A	0.058046155	0.078999236	0.09522892
HNF1B	0.031840738	0.040670373	0.049584482
HNF4A	0.09880694	0.13193595	0.13543674
HNF4G	0.026703885	0.032024596	0.029131405
HOPX	0.20409878	0.19285013	0.1880199
HOXA1	0.121020086	0.14849108	0.13269314
HOXA10	0.13020016	0.15959743	0.15700094
HOXA11	0.038951136	0.053567804	0.045231666
HOXA13	0.026058832	0.064073294	0.064532585
HOXA2	0.0005539238	0.00065642915	0.00043905867
HOXA5	0.08913489	0.10471915	0.10174877
HOXA7	0.1323375	0.18798843	0.19802672
HOXA9	0.19156606	0.23157991	0.23285015
HOXB1	0.114242725	0.115894444	0.15077148
HOXB13	0.1412686	0.1586098	0.13261834
HOXB2	0.02554974	0.030306624	0.03615855
HOXB3	0.06311625	0.058289405	0.08012188
HOXB4	0.12226312	0.14459579	0.14032485
HOXB5	0.09032374	0.12899265	0.12934402
HOXB7	0.06011369	0.07444673	0.07784419
HOXB9	0.016537933	0.026146753	0.093100175
HOXC13	0.092910476	0.0975186	0.05751682
HOXC6	0.15402031	0.16349767	0.21975811
HOXC8	0.06291985	0.092203744	0.12352829
HOXD1	0.2474885	0.40259424	0.38190508
HOXD10	0.13941643	0.18480638	0.17890474
HOXD13	0.042594016	0.07000444	0.060728952
HOXD3	0.08742022	0.1855924	0.20635928
HOXD4	0.07854165	0.091928214	0.10895812
HOXD8	0.16825654	0.22710148	0.19610566
HR	0.116411686	0.14400665	0.16448675
HSF1	0.16908231	0.22193998	0.22999951
HSF2	0.21071333	0.26755893	0.26200342
HSF4	0.1723251	0.21211602	0.21220969
HTATIP2	0.07508396	0.084704414	0.098577745
ID1	0.1575415	0.19046094	0.19532517
ID2	0.13169691	0.17047638	0.1644811
ID3	0.12002338	0.17138931	0.18517259
ID4	0.11599092	0.13080302	0.14131679
IKZF1	0.1322512	0.15574247	0.2165997
IKZF2	0.23559982	0.290684	0.26905683
IKZF3	0.24500808	0.24989703	0.22618423
IKZF4	0.08713936	0.07969872	0.101976864
ING4	0.19346008	0.2549023	0.22816975
INSM1	0.08894337	0.09381978	0.09237996
IRF1	0.17210807	0.21882126	0.23109359
IRF2	0.176931	0.22743614	0.26440927
IRF3	0.1678523	0.22326925	0.2364796
IRF4	0.20908777	0.26737058	0.24604903
IRF5	0.102636695	0.13079703	0.17059916
IRF6	0.13939665	0.19168359	0.21765812
IRF7	0.08646079	0.12600246	0.1331154
IRF8	0.15470317	0.2083953	0.2255759
IRF9	0.13729069	0.19104908	0.20345949
IRX1	0.0811808	0.10819462	0.09077838
IRX4	0.0007169673	0.002058939	0.005126658
ISL1	0.052327815	0.054386593	0.0509605
JARID2	0.17038386	0.18224627	0.15433551
JDP2	0.18551408	0.2635426	0.27127603
JUN	0.15035556	0.19078928	0.19716552
JUNB	0.14590767	0.18165818	0.19200629
JUNB_JUND	0.1457617	0.18153383	0.19036366
JUND	0.14691538	0.18187667	0.19063205
JUN_JUNB	0.1457617	0.18153383	0.19036366
JUN_JUND	0.1457617	0.18153383	0.19036366
KAT2B	0.23639084	0.2921222	0.25631678
KAT5	0.2007414	0.2633296	0.25352734
KAT6A	0.22333336	0.2546056	0.32648712
KAT6B	0.16399662	0.20708023	0.29090688
KAT7	0.1898306	0.2324496	0.22952078
KCNIP3	0.04784772	0.08846249	0.06544203
KDM2A	0.2051985	0.23413621	0.24392591
KDM5A	0.18060772	0.24263875	0.18930514
KDM5B	0.09294143	0.122517064	0.12299393
KDM5C	0.19854125	0.23398139	0.21721774
KDM5D	0.31719154	0.38562024	0.32666862
KLF1	0.15726341	0.19376493	0.1788759
KLF10	0.16076925	0.19477476	0.2271372
KLF11	0.090823665	0.10061486	0.117929935
KLF12	0.0033825578	0.0074796677	0.021453278
KLF13	0.12374343	0.14953013	0.22417831
KLF15	0.08752865	0.10825742	0.13925612
KLF17	0.20756498	0.25878838	0.24515463
KLF2	0.15826347	0.19644779	0.1807061
KLF3	0.083663024	0.15514944	0.13559593
KLF4	0.118980855	0.15895218	0.15728852
KLF5	0.14595276	0.16204092	0.17893164
KLF6	0.14059833	0.17778938	0.18388931
KLF7	0.10645236	0.14613195	0.12288509
KLF8	0.19352031	0.22472635	0.23222205
KLF9	0.08409015	0.13437618	0.1215756
KMT2A	0.20639375	0.23907651	0.2284163
KMT2B	0.16006324	0.21664302	0.2020533
LEF1	0.10134199	0.1280368	0.1301489
LHX1	0.1185304	0.104294464	0.057581075
LHX2	0.07955151	0.109894074	0.11698002
LHX3	0.06554289	0.07712506	0.06769183
LHX4	0.026548434	0.027090965	0.030208886
LHX8	0.11323349	0.13385275	0.12271617
LITAF	0.17216103	0.22608568	0.2447702
LMO2	0.18443786	0.2264445	0.227304
LMO4	0.10850518	0.1455834	0.14773244
LMX1A	0.10829355	0.1397666	0.14799453
LMX1B	0.12698156	0.1963052	0.14353153
LRRFIP1	0.07353869	0.106331386	0.12786427
LYL1	0.2388497	0.23168407	0.2427257
MAF	0.1309312	0.18823242	0.20780924
MAFA	0.071490616	0.09776016	0.10477446
MAFB	0.09361984	0.12908328	0.15508683
MAFG	0.17289208	0.33287808	0.33028114
MAFK	0.145732	0.21143411	0.23136212
MAML1	0.074209906	0.101564184	0.102266684
MAX	0.18500453	0.23434393	0.2427781
MAZ	0.095612854	0.1307302	0.13308236
MBD1	0.1954197	0.22052036	0.20941749
MBD2	0.1755781	0.21122973	0.197256
MECOM	0.10502895	0.09379884	0.12463237
MECP2	0.14399506	0.17754525	0.1651666
MED1	0.09326983	0.09913463	0.10194198
MEF2A	0.117030784	0.14791599	0.15067925
MEF2B	0.13890181	0.08410113	0.08025176
MEF2C	0.088191696	0.11306053	0.11874226
MEF2D	0.16286142	0.20384425	0.18940353
MEIS1	0.13459451	0.15330075	0.18020457
MEIS2	0.07932717	0.08563673	0.08559395
MEOX1	0.045357507	0.13777493	0.08438865
MEOX2	0.23062915	0.34342816	0.28472257
MESP2	0.09403552	0.14281012	0.12726232
MITF	0.15015131	0.1926752	0.20898019
MIXL1	0.004537074	0.0046012783	0.016005438
MKX	0.10832918	0.21859647	0.210345
MLX	0.18398482	0.20150587	0.14303479
MLXIP	0.21416007	0.24647912	0.26447487
MLXIPL	0.11422028	0.18564048	0.18294774
MNT	0.16498579	0.23429896	0.24933696
MNX1	0.19798185	0.2525367	0.3535376
MSC	0.103072576	0.1416116	0.14917246
MSX1	0.060114324	0.10138599	0.1253923
MSX2	0.046157535	0.06264492	0.063744724
MTA1	0.18923546	0.23595817	0.24154857
MTA2	0.016242385	0.023605486	0.066870145
MTA3	0.19470286	0.23949304	0.22219287
MTF1	0.15333018	0.23979394	0.27576163
MTF2	0.109327205	0.16232634	0.16077583
MXD1	0.22729379	0.27265266	0.26764724
MXI1	0.25790003	0.31187785	0.26799303
MYB	0.16929509	0.21845436	0.22379804
MYBL1	0.18165627	0.19851461	0.17923933
MYBL2	0.15463854	0.19531037	0.19726457
MYC	0.21759072	0.27225348	0.2605964
MYCN	0.1660552	0.21457815	0.21400672
MYF5	0.10529145	0.11852643	0.12734903
MYF6	0.12284985	0.18917671	0.14434229
MYOCD	0.03330701	0.05461526	0.041631833
MYOD1	0.15271518	0.18374738	0.18436596
MYOG	0.11978977	0.14307472	0.15495028
MYRF	0.078102626	0.09921559	0.12782735
MYT1	0.13422348	0.15866303	0.16357464
MZF1	0.11283378	0.14642237	0.1779907
NAB2	0.13881585	0.18090536	0.22920567
NANOG	0.13395303	0.15059517	0.15583397
NCOA1	0.1320836	0.16386005	0.15876426
NCOA2	0.14650741	0.1806741	0.19058765
NCOA3	0.16001219	0.19806649	0.18998249
NCOA6	0.19267103	0.17804663	0.17595783
NCOR1	0.151583	0.19471158	0.19053493
NCOR2	0.14761159	0.17413524	0.16273382
NEUROD1	0.081508055	0.0926141	0.10281786
NEUROD2	0.18162933	0.21149041	0.19063292
NEUROD6	0.10854613	0.1781155	0.20320119
NEUROG1	0.047243517	0.07340176	0.07852324
NEUROG2	0.080651745	0.09545298	0.099272095
NEUROG3	0.046771534	0.055548474	0.057961863
NFAT5	0.16702595	0.226096	0.21012029
NFATC1	0.1387502	0.17637216	0.19110964
NFATC2	0.15119624	0.2009123	0.23746878
NFATC3	0.14791538	0.14763747	0.17195891
NFATC4	0.11107903	0.13593793	0.14707434
NFE2	0.0779144	0.113995805	0.1181887
NFE2L1	0.12960035	0.23523876	0.21650627
NFE2L2	0.17493121	0.23578809	0.23705769
NFE2L3	0.13128288	0.23512886	0.21541275
NFIA	0.1212619	0.16722982	0.16640419
NFIB	0.08184528	0.13668157	0.1200992
NFIC	0.10582732	0.13228618	0.14015487
NFIL3	0.116951674	0.15881917	0.21587254
NFIX	0.06075452	0.106848836	0.085459776
NFKB1	0.17750774	0.22280052	0.22901794
NFKB1_NFKB2	0.17513071	0.21886107	0.22493578
NFKB1_REL	0.17513071	0.21886107	0.22493578
NFKB1_RELA	0.17513071	0.21886107	0.22493578
NFKB1_RELB	0.17513071	0.21886107	0.22493578
NFKB2	0.17651063	0.22107817	0.22823437
NFKB2_REL	0.17513071	0.21886107	0.22493578
NFKB2_RELA	0.17513071	0.21886107	0.22493578
NFKB2_RELB	0.17513071	0.21886107	0.22493578
NFKBIB	0.183645	0.24582225	0.2673009
NFKBIZ	0.04844197	0.06707677	0.13581395
NFX1	0.1827082	0.19207217	0.16255885
NFYA	0.1567952	0.21558788	0.22615623
NFYB	0.16629995	0.2225778	0.21352881
NFYC	0.15634574	0.22447824	0.24526563
NHLH1	0.09102377	0.1650795	0.27816775
NHLH2	0.013771895	0.017553208	0.01113979
NKRF	0.08620182	0.15048553	0.15235545
NKX2-1	0.106299125	0.13097614	0.12388015
NKX2-2	0.089950204	0.113203496	0.118227355
NKX2-5	0.09753457	0.114797436	0.12260993
NKX3-1	0.19370873	0.23905157	0.24145263
NKX3-2	0.016412184	0.04456112	0.08877243
NKX6-1	0.03993515	0.05943223	0.039950617
NKX6-3	0.1735754	0.2999144	0.2926957
NONO	0.09270035	0.11102343	0.11335928
NOTCH1	0.14956845	0.18654479	0.19074179
NOTO	0.23976997	0.28059107	0.2683026
NPAS2	0.11867673	0.152442	0.15987875
NPM1	0.23918316	0.32080677	0.28227928
NR0B1	0.12535448	0.14198968	0.13710259
NR0B2	0.13382694	0.16757002	0.16031736
NR1D1	0.030949093	0.05270595	0.04823737
NR1D2	0.05877674	0.103246935	0.11069156
NR1H2	0.13375013	0.16961418	0.16715738
NR1H3	0.11955707	0.14552186	0.15148878
NR1H4	0.09259034	0.12414944	0.122191936
NR1I2	0.17027569	0.21075298	0.20284468
NR1I3	0.10453299	0.115570195	0.10875225
NR2C1	0.11425383	0.1257605	0.12312647
NR2C2	0.15681809	0.2036683	0.19719662
NR2E1	0.121714905	0.15883502	0.14138831
NR2E3	0.05184535	0.071890354	0.06770403
NR2F1	0.08708867	0.11244929	0.106714144
NR2F2	0.072422646	0.10001239	0.09512476
NR2F6	0.064395994	0.081954956	0.07777725
NR3C1	0.117290206	0.14458683	0.16167973
NR3C2	0.1178911	0.1540646	0.1546087
NR4A1	0.14506048	0.16770484	0.17636338
NR4A2	0.095541015	0.11748816	0.13727912
NR4A3	0.14895375	0.19147995	0.19491683
NR5A1	0.12605636	0.15212074	0.14507687
NR5A2	0.091734916	0.11890872	0.112144634
NR6A1	0.114549644	0.14333218	0.11354868
NRF1	0.17318271	0.23571572	0.23771311
NRG1	0.2036538	0.26158407	0.28142494
NRL	0.11122194	0.13275936	0.1409607
NSD2	0.17442268	0.20612346	0.31929767
NUPR1	0.29621902	0.44308478	0.39430863
OLIG1	0.062472947	0.07912683	0.09507621
OLIG2	0.08479107	0.09802634	0.115805276
ONECUT1	0.054845966	0.06697954	0.06453164
OTX2	0.052387916	0.05424326	0.056519926
OVOL1	0.22800271	0.2591243	0.32378328
PA2G4	0.028145604	0.044838607	0.103635244
PARK7	0.09987504	0.2489554	0.27065283
PATZ1	0.23403594	0.27693838	0.2704966
PAWR	0.21803167	0.3098494	0.30839333
PAX1	0.0052383104	0.0042864196	0.007978523
PAX2	0.096162304	0.11312343	0.139875
PAX3	0.12456112	0.15640147	0.15617356
PAX4	0.0600753	0.085136056	0.10003423
PAX5	0.2457975	0.2598075	0.25072938
PAX6	0.08600029	0.11695205	0.12059633
PAX7	0.12077761	0.17135565	0.2194526
PAX8	0.096108705	0.13389099	0.14927086
PAX9	0.06814842	0.08197972	0.07040503
PBRM1	0.15601277	0.22991318	0.20632696
PBX1	0.09110888	0.12638532	0.12488726
PBX2	0.07285807	0.09173406	0.090944126
PDX1	0.13211206	0.17092773	0.16552708
PEG3	0.14789829	0.22536102	0.25713208
PGR	0.11651036	0.14627098	0.1584396
PHF20	0.2068263	0.2679005	0.23054288
PHF5A	0.16837528	0.19573572	0.12480457
PHOX2A	0.06328283	0.07245665	0.10197668
PHOX2B	0.057476874	0.059639685	0.058334745
PIAS1	0.13959032	0.19013079	0.18142454
PIN1	0.2074415	0.23453122	0.19096723
PITX1	0.1022402	0.121848464	0.12685055
PITX2	0.113516286	0.14242852	0.15776037
PITX3	0.0489806	0.06641074	0.08671021
PKNOX1	0.08415154	0.100737944	0.112887904
PLAG1	0.19080219	0.24396321	0.22472478
PLAGL1	0.12756187	0.18120264	0.16011485
PLAGL2	0.08434357	0.15217546	0.12960114
PML	0.23757109	0.3338346	0.28946832
POU1F1	0.120638646	0.14463323	0.1353772
POU2AF1	0.27876955	0.35831463	0.41556472
POU2F1	0.107027136	0.13119924	0.12121773
POU2F2	0.16464446	0.18280967	0.16838473
POU2F3	0.2469621	0.25410417	0.22543128
POU3F1	0.070716	0.06016147	0.05964208
POU3F2	0.08293668	0.087169275	0.084357105
POU4F1	0.133144	0.18790445	0.17192969
POU4F2	0.13843471	0.1802964	0.1764342
POU4F3	0.01035053	0.020986997	0.0491411
POU5F1	0.114234015	0.13457648	0.14143775
PPARA	0.11773597	0.15615858	0.16534735
PPARD	0.13436338	0.17892991	0.18517724
PPARG	0.13578804	0.16861622	0.17383288
PPARGC1A	0.1410035	0.21740635	0.1919038
PPARGC1B	0.1116869	0.16175032	0.12295066
PRDM1	0.1884906	0.22511469	0.23101398
PRDM16	0.00083320367	0.0010374511	0.0016848091
PRDM2	0.1679733	0.25514123	0.19201902
PRDM4	0.058337595	0.075391404	0.068479486
PREB	0.09891776	0.10465233	0.07429498
PROP1	0.1325091	0.16943711	0.1312773
PROX1	0.10272613	0.12793559	0.13024071
PRRX1	0.013974895	0.021313535	0.01931856
PTF1A	0.079389535	0.082630835	0.07276456
PURA	0.17010881	0.21478754	0.2632722
RARA	0.1274992	0.1483128	0.14859214
RARB	0.1056921	0.14240529	0.15294574
RARG	0.055355843	0.07272315	0.0754151
RB1	0.1837228	0.23309247	0.2424628
RBPJ	0.15833345	0.18360971	0.18628424
RCOR2	0.22100393	0.2715685	0.25544748
REL	0.17664209	0.22033213	0.22595689
RELA	0.17320317	0.2189077	0.22603591
RELA_RELB	0.17513071	0.21886107	0.22493578
RELB	0.17521217	0.2196545	0.2260028
REL_RELA	0.17513071	0.21886107	0.22493578
REL_RELB	0.17513071	0.21886107	0.22493578
REST	0.045703813	0.06653004	0.06903805
RFX1	0.21777591	0.25477803	0.2344296
RFX3	0.12885047	0.19661124	0.21662648
RFX5	0.35958582	0.29811767	0.17609872
RFXANK	0.37135532	0.2800805	0.14258248
RFXAP	0.4106421	0.31388098	0.14349614
RORA	0.08893409	0.11356591	0.10979928
RORB	0.13088904	0.13767208	0.11735176
RORC	0.088667944	0.13296045	0.2389633
RREB1	0.12565222	0.17828053	0.17148028
RUNX1	0.16259001	0.21503848	0.25215492
RUNX2	0.071999624	0.106629886	0.1251823
RUNX3	0.20832184	0.26945993	0.32878858
RXRA	0.09573719	0.11083003	0.112269655
RXRB	0.08931931	0.1044038	0.12399951
RXRG	0.09112295	0.1215362	0.1323147
SALL1	0.05021193	0.07571798	0.07988066
SALL2	0.2795338	0.34008452	0.2757102
SALL3	0.16430241	0.177212	0.1573798
SALL4	0.09771919	0.12800291	0.12813643
SATB1	0.19102946	0.23986903	0.23961027
SATB2	0.14835025	0.17826118	0.17879146
SCX	0.01815287	0.027644224	0.031720355
SETBP1	0.10179898	0.18218312	0.25730202
SF1	0.11370282	0.12818944	0.1195982
SFPQ	0.15741397	0.1911988	0.19845816
SHOX2	0.0009876376	0.00061416614	0.0008274837
SIM2	0.24598399	0.26809853	0.28126585
SIN3A	0.2033756	0.2659766	0.3160217
SIRT1	0.1614152	0.20375453	0.20108718
SIX1	0.074252404	0.108496025	0.09170567
SIX3	0.004768895	0.006859729	0.012675663
SIX4	0.089492	0.17522655	0.1500803
SKIL	0.09895851	0.13545223	0.16047272
SMAD1	0.0850972	0.1193698	0.13550769
SMAD2	0.09173528	0.11978324	0.12822542
SMAD3	0.10547168	0.13107254	0.13861321
SMAD4	0.08958452	0.108759604	0.111502685
SMAD5	0.10911452	0.17892027	0.20227438
SMAD6	0.09274854	0.12685448	0.11988716
SMAD7	0.13435188	0.15843575	0.15333927
SMAD9	0.035147652	0.055214904	0.13550909
SMARCA1	0.16141137	0.23517755	0.2207334
SMARCA4	0.198517	0.23241517	0.20898366
SMARCA5	0.124599606	0.15522124	0.13568303
SMARCB1	0.15126145	0.24592532	0.2575995
SMARCC1	0.18918364	0.27442473	0.25635365
SNAI1	0.14048849	0.18417916	0.19004443
SNAI2	0.11901674	0.15243801	0.15146333
SON	0.07822903	0.06257097	0.050698414
SOX10	0.065293774	0.08211625	0.08542431
SOX11	0.18803419	0.17025933	0.14228211
SOX17	0.12692653	0.15130503	0.1444727
SOX18	0.0023640676	0.012646741	0.010565635
SOX2	0.07359075	0.09886152	0.11015901
SOX3	0.019644363	0.033271074	0.03881444
SOX4	0.126715	0.18395725	0.18427783
SOX5	0.033553213	0.044729713	0.07525167
SOX6	0.0895586	0.1406973	0.16606936
SOX7	0.001483795	0.0032796992	0.006509199
SOX9	0.08551633	0.10167008	0.11248656
SP1	0.15413886	0.19678523	0.20033501
SP2	0.14767872	0.20719743	0.18855704
SP3	0.12990794	0.16827144	0.17484273
SP4	0.13088161	0.16954991	0.18142234
SP6	0.2925871	0.29459935	0.32728955
SP7	0.055821214	0.068372294	0.07683369
SPDEF	0.0709421	0.10847289	0.12909015
SPI1	0.16497718	0.20664254	0.21723182
SPIB	0.27997088	0.2794327	0.31655943
SPIC	0.18547954	0.15686226	0.24347879
SREBF1	0.13238643	0.185977	0.19492243
SREBF2	0.14271212	0.19791667	0.19913653
SRF	0.121609196	0.16905513	0.16216192
SRSF2	0.269536	0.33382437	0.33865783
SRY	0.08727479	0.11996077	0.116910234
SSRP1	0.124805	0.15325867	0.16113089
STAT1	0.1945925	0.24944344	0.26394823
STAT2	0.1481573	0.18509094	0.18992263
STAT3	0.15448949	0.1969148	0.21626313
STAT4	0.16594791	0.23889269	0.33298823
STAT5A	0.15278138	0.19118986	0.21795048
STAT5B	0.14989565	0.1838855	0.19979113
STAT6	0.12774971	0.16344152	0.1816617
STOX1	0.18713778	0.19783658	0.16891369
SUPT20H	0.12004062	0.13639137	0.13671006
TADA2A	0.26818535	0.33041573	0.33194798
TAF1	0.22221488	0.27592713	0.26052552
TAL1	0.16773537	0.18837254	0.18161784
TBP	0.18809837	0.23585716	0.23003136
TBPL1	0.18191172	0.22691637	0.22098087
TBPL2	0.14696012	0.2313907	0.2291874
TBR1	0.15080826	0.15462215	0.24387494
TBX1	0.047590915	0.09133486	0.124914765
TBX10	0.084237486	0.114183985	0.16046079
TBX15	0.1580655	0.19212793	0.18490043
TBX18	0.044356856	0.047288217	0.047734406
TBX2	0.08993868	0.12517379	0.13427812
TBX20	0.11194719	0.097765036	0.08665921
TBX21	0.16112305	0.21854661	0.27014014
TBX3	0.057228543	0.10179491	0.097500734
TBX5	0.09039868	0.11155801	0.095104426
TBX6	0.09532125	0.114857	0.11333067
TBXT	0.16398206	0.14921603	0.14110807
TCF12	0.14953843	0.19134735	0.19953741
TCF15	0.07378015	0.14075764	0.09028808
TCF21	0.076218404	0.10329727	0.08492966
TCF3	0.16631852	0.18617289	0.19146548
TCF4	0.13715786	0.16088423	0.16827494
TCF7	0.09833908	0.13728715	0.171478
TCF7L1	0.0025292085	0.0075121904	0.014239889
TCF7L2	0.1323649	0.17983851	0.18623546
TEAD1	0.12237017	0.1647998	0.19273663
TEAD2	0.09123604	0.13743797	0.14615545
TEAD4	0.16951855	0.18970765	0.19097042
TEF	0.14746794	0.18852173	0.15717389
TET1	0.17116101	0.22828619	0.22318198
TFAM	0.17222968	0.19394091	0.19650997
TFAP2A	0.13749462	0.1732535	0.18085751
TFAP2B	0.074433915	0.08167365	0.11326247
TFAP2C	0.06095525	0.09041946	0.110764995
TFAP2D	0.041178346	0.063589014	0.06385272
TFAP4	0.17582773	0.22497225	0.25460628
TFCP2	0.13544701	0.164421	0.18274005
TFDP1	0.22185534	0.27027968	0.22507232
TFDP2	0.21716215	0.3756838	0.25604627
TFDP3	0.25976244	0.29779434	0.2809491
TFE3	0.1640496	0.1953817	0.20006385
TFEB	0.08290803	0.080294974	0.106820025
TGFB1I1	0.19226262	0.22713867	0.22360815
TGIF1	0.13946323	0.21033844	0.18841289
THAP11	0.32253468	0.42703253	0.3135572
THRA	0.12566936	0.13957833	0.12426234
THRB	0.12421418	0.15450779	0.14730988
TLX1	0.13976583	0.16903923	0.16817547
TLX2	0.07051257	0.1398601	0.12407601
TLX3	0.15402466	0.15514293	0.15448338
TOX3	0.2589515	0.2412069	0.23877883
TP53	0.18889959	0.24051608	0.24290602
TP63	0.17102161	0.22160952	0.23274249
TP73	0.1646377	0.22245508	0.22926742
TRERF1	0.1651507	0.25895756	0.19972827
TRIM28	0.24871324	0.31281012	0.3408103
TRPS1	0.18032867	0.18703732	0.24252537
TSC22D1	0.21660651	0.31486544	0.28370467
TSHZ3	0.074025385	0.08321316	0.08078564
TTF1	0.11017565	0.13390455	0.13894053
TWIST1	0.12292683	0.17368627	0.17783743
TWIST2	0.16226482	0.25166273	0.27814686
UBTF	0.2176804	0.26679417	0.23486528
USF1	0.14042756	0.17572162	0.19458514
USF2	0.13215116	0.16945508	0.19700068
VDR	0.10414043	0.1340665	0.14031853
VENTX	0.24643037	0.33087543	0.23536497
VEZF1	0.13154776	0.17375848	0.2033446
VHL	0.16352747	0.19178042	0.19113971
VSX2	0.17843834	0.24163178	0.19799487
WT1	0.15617326	0.1940962	0.19526099
WWTR1	0.15094127	0.21343566	0.18096821
XBP1	0.20077637	0.23292924	0.25299227
YAP1	0.071602575	0.12473531	0.08459238
YBX1	0.14391313	0.17875631	0.19177991
YBX3	0.18859608	0.21246265	0.2022374
YY1	0.16251674	0.2088302	0.21466354
ZBED1	0.24587393	0.28787073	0.25956136
ZBTB14	0.11285924	0.23656479	0.1806244
ZBTB16	0.15161861	0.19671091	0.22478598
ZBTB17	0.19618511	0.26609415	0.26973665
ZBTB18	0.075942025	0.12238634	0.1373037
ZBTB32	0.19534084	0.24256864	0.2659176
ZBTB33	0.16659679	0.18823947	0.14643285
ZBTB38	0.059137125	0.110298865	0.05751995
ZBTB4	0.17685176	0.31988385	0.2075867
ZBTB7A	0.22407912	0.2609565	0.24015857
ZBTB7B	0.060797334	0.11170249	0.17543632
ZEB1	0.09551361	0.15035245	0.15828429
ZEB2	0.056427084	0.081749186	0.08987379
ZFHX3	0.02364746	0.057296857	0.042179804
ZFP42	0.110497706	0.13189624	0.14628842
ZFP64	0.111380965	0.16064511	0.16488849
ZFPM1	0.18874829	0.22586785	0.26974282
ZFPM2	0.09369365	0.117326126	0.13294268
ZFX	0.09443723	0.19260062	0.26157555
ZGLP1	0.09362919	0.11987133	0.16595206
ZGPAT	0.07462043	0.11260759	0.11678362
ZHX2	0.07478996	0.07621478	0.07188738
ZIC1	0.1816739	0.2419872	0.21395704
ZIC2	0.09410352	0.12745546	0.08407064
ZKSCAN7	0.122126356	0.13941501	0.14548084
ZMYND8	0.059961203	0.082236975	0.08261016
ZNF143	0.20831713	0.28463787	0.2734483
ZNF148	0.18365996	0.2707773	0.25559768
ZNF160	0.09127518	0.13627386	0.1569367
ZNF202	0.16306257	0.12672134	0.12528802
ZNF217	0.029802244	0.03055498	0.024612674
ZNF219	0.10066958	0.09578788	0.10845326
ZNF236	0.10697087	0.13123067	0.12283944
ZNF24	0.12255721	0.14650829	0.15558392
ZNF263	0.22008823	0.25272256	0.17551565
ZNF300	0.29481328	0.38573936	0.36680317
ZNF331	0.30159602	0.3712378	0.36534676
ZNF335	0.17937647	0.23003006	0.21752836
ZNF350	0.14419265	0.22227208	0.18552685
ZNF354C	0.098673716	0.13041095	0.15277007
ZNF362	0.14729935	0.18492566	0.20020308
ZNF382	0.2449488	0.28397065	0.2791106
ZNF384	0.0422605	0.07386125	0.0863712
ZNF395	0.1610984	0.21269058	0.3013204
ZNF410	0.07129589	0.08803716	0.08720343
ZNF423	0.027502898	0.036110334	0.045642752
ZNF436	0.22374018	0.26580483	0.27147916
ZNF699	0.15434617	0.1913286	0.21357335
ZNF76	0.2564984	0.40007824	0.33942494
ZNF804A	0.19439842	0.16138728	0.12753096
ZNF91	0.12076329	0.14664102	0.15004168
ZXDC	0.1385964	0.16157101	0.13368647
