region	group	tf	n_hits	best_rel	max_CpG
C1GALT1C1_promoter_CpG_island	C1GALT1C1_promoter_island	Ahr::Arnt	3	1.0	1
C1GALT1C1_promoter_CpG_island	C1GALT1C1_promoter_island	Foxn1	1	1.0	1
C1GALT1C1_promoter_CpG_island	C1GALT1C1_promoter_island	KLF1	3	1.0	1
C1GALT1C1_promoter_CpG_island	C1GALT1C1_promoter_island	KLF10	2	1.0	1
C1GALT1C1_promoter_CpG_island	C1GALT1C1_promoter_island	KLF12	3	1.0	1
C1GALT1C1_promoter_CpG_island	C1GALT1C1_promoter_island	KLF14	2	1.0	1
C1GALT1C1_promoter_CpG_island	C1GALT1C1_promoter_island	KLF15	5	1.0	3
C1GALT1C1_promoter_CpG_island	C1GALT1C1_promoter_island	KLF7	4	1.0	1
C1GALT1C1_promoter_CpG_island	C1GALT1C1_promoter_island	PAX5	2	1.0	1
C1GALT1C1_promoter_CpG_island	C1GALT1C1_promoter_island	SP1	3	1.0	2
C1GALT1C1_promoter_CpG_island	C1GALT1C1_promoter_island	SP2	3	1.0	1
C1GALT1C1_promoter_CpG_island	C1GALT1C1_promoter_island	SP4	3	1.0	1
C1GALT1C1_promoter_CpG_island	C1GALT1C1_promoter_island	ZBTB14	4	1.0	3
C1GALT1C1_promoter_CpG_island	C1GALT1C1_promoter_island	ZBTB12	1	0.9739	1
C1GALT1C1_promoter_CpG_island	C1GALT1C1_promoter_island	SP9	3	0.9645	3
C1GALT1C1_promoter_CpG_island	C1GALT1C1_promoter_island	KLF2	6	0.962	3
C1GALT1C1_promoter_CpG_island	C1GALT1C1_promoter_island	KLF5	2	0.9562	1
C1GALT1C1_promoter_CpG_island	C1GALT1C1_promoter_island	Smad4	1	0.9515	1
C1GALT1C1_promoter_CpG_island	C1GALT1C1_promoter_island	OVOL2	2	0.9493	1
C1GALT1C1_promoter_CpG_island	C1GALT1C1_promoter_island	SP8	1	0.9375	1
C1GALT1C1_promoter_CpG_island	C1GALT1C1_promoter_island	Gmeb1	7	0.9283	2
C1GALT1C1_promoter_CpG_island	C1GALT1C1_promoter_island	KLF11	1	0.9209	1
C1GALT1C1_promoter_CpG_island	C1GALT1C1_promoter_island	ZNF148	2	0.9185	1
C1GALT1C1_promoter_CpG_island	C1GALT1C1_promoter_island	EGR4	1	0.9133	3
C1GALT1C1_promoter_CpG_island	C1GALT1C1_promoter_island	KLF4	1	0.9121	1
C1GALT1C1_promoter_CpG_island	C1GALT1C1_promoter_island	EGR1	4	0.9073	3
C1GALT1C1_promoter_CpG_island	C1GALT1C1_promoter_island	KLF16	3	0.9072	1
C1GALT1C1_promoter_CpG_island	C1GALT1C1_promoter_island	NR2C2	1	0.9068	1
C1GALT1C1_promoter_CpG_island	C1GALT1C1_promoter_island	EGR3	1	0.9059	3
C1GALT1C1_promoter_CpG_island	C1GALT1C1_promoter_island	HIC2	2	0.905	2
C1GALT1C1_promoter_CpG_island	C1GALT1C1_promoter_island	ARNT::HIF1A	3	0.9036	1
C1GALT1C1_promoter_CpG_island	C1GALT1C1_promoter_island	KLF6	1	0.8962	1
C1GALT1C1_promoter_CpG_island	C1GALT1C1_promoter_island	TFAP2E	2	0.8908	2
C1GALT1C1_promoter_CpG_island	C1GALT1C1_promoter_island	Npas4	1	0.8888	1
C1GALT1C1_promoter_CpG_island	C1GALT1C1_promoter_island	EGR2	1	0.8867	3
C1GALT1C1_promoter_CpG_island	C1GALT1C1_promoter_island	NR2C1	1	0.8856	1
C1GALT1C1_promoter_CpG_island	C1GALT1C1_promoter_island	ZBED4	3	0.8838	3
C1GALT1C1_promoter_CpG_island	C1GALT1C1_promoter_island	NHLH1	1	0.8814	3
C1GALT1C1_promoter_CpG_island	C1GALT1C1_promoter_island	PATZ1	3	0.8807	2
C1GALT1C1_promoter_CpG_island	C1GALT1C1_promoter_island	SP3	3	0.8807	1
C1GALT1C1_promoter_CpG_island	C1GALT1C1_promoter_island	TCF3	1	0.8807	2
C1GALT1C1_promoter_CpG_island	C1GALT1C1_promoter_island	TCF12	1	0.8799	2
C1GALT1C1_promoter_CpG_island	C1GALT1C1_promoter_island	Zfp961	1	0.8778	1
C1GALT1C1_promoter_CpG_island	C1GALT1C1_promoter_island	MAZ	3	0.8738	1
C1GALT1C1_promoter_CpG_island	C1GALT1C1_promoter_island	MYOG	3	0.8679	2
C1GALT1C1_promoter_CpG_island	C1GALT1C1_promoter_island	ZNF263	1	0.8659	1
C1GALT1C1_promoter_CpG_island	C1GALT1C1_promoter_island	TCFL5	3	0.8641	2
C1GALT1C1_promoter_CpG_island	C1GALT1C1_promoter_island	ASCL1	3	0.8637	2
C1GALT1C1_promoter_CpG_island	C1GALT1C1_promoter_island	Npas2	1	0.8615	1
C1GALT1C1_promoter_CpG_island	C1GALT1C1_promoter_island	YY2	1	0.8602	1
C1GALT1C1_promoter_CpG_island	C1GALT1C1_promoter_island	ZIC4	2	0.8567	4
C1GALT1C1_promoter_CpG_island	C1GALT1C1_promoter_island	ZNF417	1	0.8562	1
C1GALT1C1_promoter_CpG_island	C1GALT1C1_promoter_island	MYB	1	0.8559	1
C1GALT1C1_promoter_CpG_island	C1GALT1C1_promoter_island	NFIX	2	0.8558	1
C1GALT1C1_promoter_CpG_island	C1GALT1C1_promoter_island	ZFP57	1	0.8537	1
C1GALT1C1_promoter_CpG_island	C1GALT1C1_promoter_island	SMAD2	1	0.8535	2
C1GALT1C1_promoter_CpG_island	C1GALT1C1_promoter_island	HINFP	2	0.8527	2
C1GALT1C1_promoter_CpG_island	C1GALT1C1_promoter_island	PGR	1	0.8526	1
C1GALT1C1_promoter_CpG_island	C1GALT1C1_promoter_island	SPDEF	1	0.8492	2
C1GALT1C1_promoter_CpG_island	C1GALT1C1_promoter_island	MSANTD3	2	0.8489	1
C1GALT1C1_promoter_CpG_island	C1GALT1C1_promoter_island	TFAP2B	2	0.8488	2
C1GALT1C1_promoter_CpG_island	C1GALT1C1_promoter_island	ZNF816	1	0.8488	1
C1GALT1C1_promoter_CpG_island	C1GALT1C1_promoter_island	SNAI1	2	0.8483	1
C1GALT1C1_promoter_CpG_island	C1GALT1C1_promoter_island	ETV7	1	0.8482	1
C1GALT1C1_promoter_CpG_island	C1GALT1C1_promoter_island	MNT	2	0.8476	1
C1GALT1C1_promoter_CpG_island	C1GALT1C1_promoter_island	DMRTA2	1	0.8463	1
C1GALT1C1_promoter_CpG_island	C1GALT1C1_promoter_island	ZNF281	1	0.8443	1
C1GALT1C1_promoter_CpG_island	C1GALT1C1_promoter_island	ZEB1	1	0.8442	1
C1GALT1C1_promoter_CpG_island	C1GALT1C1_promoter_island	NFATC3	1	0.8435	1
C1GALT1C1_promoter_CpG_island	C1GALT1C1_promoter_island	Ikzf3	1	0.8428	1
C1GALT1C1_promoter_CpG_island	C1GALT1C1_promoter_island	Mafb	1	0.8424	1
C1GALT1C1_promoter_CpG_island	C1GALT1C1_promoter_island	RHOXF1	1	0.8422	1
C1GALT1C1_promoter_CpG_island	C1GALT1C1_promoter_island	IKZF2	1	0.8416	1
C1GALT1C1_promoter_CpG_island	C1GALT1C1_promoter_island	E2F8	3	0.841	2
C1GALT1C1_promoter_CpG_island	C1GALT1C1_promoter_island	ZNF740	2	0.8403	1
C1GALT1C1_promoter_CpG_island	C1GALT1C1_promoter_island	Olig2	3	0.8394	1
C1GALT1C1_promoter_CpG_island	C1GALT1C1_promoter_island	HOXB6	1	0.8393	1
C1GALT1C1_promoter_CpG_island	C1GALT1C1_promoter_island	TFAP2A	3	0.8383	3
C1GALT1C1_promoter_CpG_island	C1GALT1C1_promoter_island	SP5	4	0.8381	2
C1GALT1C1_promoter_CpG_island	C1GALT1C1_promoter_island	RBPJ	1	0.8379	1
C1GALT1C1_promoter_CpG_island	C1GALT1C1_promoter_island	ZNF354C	2	0.8377	1
C1GALT1C1_promoter_CpG_island	C1GALT1C1_promoter_island	ZFP14	2	0.8374	2
C1GALT1C1_promoter_CpG_island	C1GALT1C1_promoter_island	Neurod2	3	0.8373	1
C1GALT1C1_promoter_CpG_island	C1GALT1C1_promoter_island	Twist2	3	0.8371	1
C1GALT1C1_promoter_CpG_island	C1GALT1C1_promoter_island	HIF1A	4	0.837	2
C1GALT1C1_promoter_CpG_island	C1GALT1C1_promoter_island	Tcf12	3	0.8366	1
C1GALT1C1_promoter_CpG_island	C1GALT1C1_promoter_island	MAX	2	0.8353	1
C1GALT1C1_promoter_CpG_island	C1GALT1C1_promoter_island	BHLHE22	3	0.8346	1
C1GALT1C1_promoter_CpG_island	C1GALT1C1_promoter_island	Mlxip	2	0.8333	1
C1GALT1C1_promoter_CpG_island	C1GALT1C1_promoter_island	NFIA	1	0.8333	1
C1GALT1C1_promoter_CpG_island	C1GALT1C1_promoter_island	BARHL1	2	0.8331	1
C1GALT1C1_promoter_CpG_island	C1GALT1C1_promoter_island	BSX	1	0.8328	1
C1GALT1C1_promoter_CpG_island	C1GALT1C1_promoter_island	HOXA9	2	0.8318	1
C1GALT1C1_promoter_CpG_island	C1GALT1C1_promoter_island	HOXA7	1	0.8312	1
C1GALT1C1_promoter_CpG_island	C1GALT1C1_promoter_island	HES6	1	0.8305	2
C1GALT1C1_promoter_CpG_island	C1GALT1C1_promoter_island	VEZF1	9	0.8304	2
C1GALT1C1_promoter_CpG_island	C1GALT1C1_promoter_island	Zfp335	2	0.8299	1
C1GALT1C1_promoter_CpG_island	C1GALT1C1_promoter_island	Arnt	2	0.8295	1
C1GALT1C1_promoter_CpG_island	C1GALT1C1_promoter_island	ZNF213	2	0.8288	3
C1GALT1C1_promoter_CpG_island	C1GALT1C1_promoter_island	FIGLA	1	0.8285	1
C1GALT1C1_promoter_CpG_island	C1GALT1C1_promoter_island	ZBTB7A	1	0.8282	1
C1GALT1C1_promoter_CpG_island	C1GALT1C1_promoter_island	SMAD3	1	0.8266	2
C1GALT1C1_promoter_CpG_island	C1GALT1C1_promoter_island	OVOL1	1	0.8264	2
C1GALT1C1_promoter_CpG_island	C1GALT1C1_promoter_island	SMAD5	1	0.8257	2
C1GALT1C1_promoter_CpG_island	C1GALT1C1_promoter_island	NR1D1	1	0.8252	1
C1GALT1C1_promoter_CpG_island	C1GALT1C1_promoter_island	ZNF454	1	0.8251	2
C1GALT1C1_promoter_CpG_island	C1GALT1C1_promoter_island	RFX7	2	0.8244	2
C1GALT1C1_promoter_CpG_island	C1GALT1C1_promoter_island	Stat4	1	0.8225	1
C1GALT1C1_promoter_CpG_island	C1GALT1C1_promoter_island	TFAP2C	1	0.8224	2
C1GALT1C1_promoter_CpG_island	C1GALT1C1_promoter_island	Gfi1B	1	0.8205	1
C1GALT1C1_promoter_CpG_island	C1GALT1C1_promoter_island	ETV6	1	0.8204	1
C1GALT1C1_promoter_CpG_island	C1GALT1C1_promoter_island	BARHL2	1	0.8196	1
C1GALT1C1_promoter_CpG_island	C1GALT1C1_promoter_island	Arntl	1	0.8194	1
C1GALT1C1_promoter_CpG_island	C1GALT1C1_promoter_island	Nrf1	1	0.8194	3
C1GALT1C1_promoter_CpG_island	C1GALT1C1_promoter_island	ELF2	1	0.8187	2
C1GALT1C1_promoter_CpG_island	C1GALT1C1_promoter_island	E2F6	1	0.8185	1
C1GALT1C1_promoter_CpG_island	C1GALT1C1_promoter_island	RUNX2	1	0.8181	1
C1GALT1C1_promoter_CpG_island	C1GALT1C1_promoter_island	NKX2-2	1	0.8171	1
C1GALT1C1_promoter_CpG_island	C1GALT1C1_promoter_island	ZNF449	1	0.8162	2
C1GALT1C1_promoter_CpG_island	C1GALT1C1_promoter_island	ESR2	1	0.8158	2
C1GALT1C1_promoter_CpG_island	C1GALT1C1_promoter_island	Zfp809	1	0.8156	1
C1GALT1C1_promoter_CpG_island	C1GALT1C1_promoter_island	RXRB	1	0.8146	2
C1GALT1C1_promoter_CpG_island	C1GALT1C1_promoter_island	NKX2-4	1	0.8138	1
C1GALT1C1_promoter_CpG_island	C1GALT1C1_promoter_island	ELF1	1	0.8133	1
C1GALT1C1_promoter_CpG_island	C1GALT1C1_promoter_island	Erg	2	0.8113	1
C1GALT1C1_promoter_CpG_island	C1GALT1C1_promoter_island	ZNF341	1	0.8107	1
C1GALT1C1_promoter_CpG_island	C1GALT1C1_promoter_island	GLIS2	1	0.8098	3
C1GALT1C1_promoter_CpG_island	C1GALT1C1_promoter_island	Zfx	1	0.8097	1
C1GALT1C1_promoter_CpG_island	C1GALT1C1_promoter_island	ZNF610	2	0.8084	3
C1GALT1C1_promoter_CpG_island	C1GALT1C1_promoter_island	KLF3	2	0.8079	4
C1GALT1C1_promoter_CpG_island	C1GALT1C1_promoter_island	ZBTB33	1	0.8065	1
C1GALT1C1_promoter_CpG_island	C1GALT1C1_promoter_island	EBF3	1	0.8057	1
C1GALT1C1_promoter_CpG_island	C1GALT1C1_promoter_island	Tfcp2l1	1	0.805	2
C1GALT1C1_promoter_CpG_island	C1GALT1C1_promoter_island	ZNF257	1	0.8047	1
C1GALT1C1_promoter_CpG_island	C1GALT1C1_promoter_island	NKX2-8	1	0.8046	1
C1GALT1C1_promoter_CpG_island	C1GALT1C1_promoter_island	SOX18	1	0.8045	1
C1GALT1C1_promoter_CpG_island	C1GALT1C1_promoter_island	Ar	1	0.8039	2
C1GALT1C1_promoter_CpG_island	C1GALT1C1_promoter_island	PAX3	1	0.8036	2
C1GALT1C1_promoter_CpG_island	C1GALT1C1_promoter_island	Nr1h3	2	0.8034	1
C1GALT1C1_promoter_CpG_island	C1GALT1C1_promoter_island	Rhox11	1	0.8032	1
C1GALT1C1_promoter_CpG_island	C1GALT1C1_promoter_island	ZIC5	1	0.803	5
C1GALT1C1_promoter_CpG_island	C1GALT1C1_promoter_island	CREB3L4	1	0.8024	1
C1GALT1C1_promoter_CpG_island	C1GALT1C1_promoter_island	ZIC1	1	0.8021	2
C1GALT1C1_promoter_CpG_island	C1GALT1C1_promoter_island	HOXC13	1	0.8017	1
C1GALT1C1_promoter_CpG_island	C1GALT1C1_promoter_island	ETS2	1	0.8008	2
C1GALT1C1_promoter_CpG_island	C1GALT1C1_promoter_island	EPAS1	1	0.8002	1
C1GALT1C1_promoter_CpG_island	C1GALT1C1_promoter_island	Wt1	1	0.8002	2
cg16101574	C1GALT1_gene_body_CpG	VEZF1	2	1.0	1
cg19473623	C1GALT1_gene_body_CpG	Ahr::Arnt	1	1.0	1
cg19473623	C1GALT1_gene_body_CpG	BARHL2	1	1.0	1
cg19603390	C1GALT1_gene_body_CpG	Foxn1	2	1.0	2
cg19603390	C1GALT1_gene_body_CpG	SP4	1	0.9612	1
cg19603390	C1GALT1_gene_body_CpG	SP1	2	0.9568	2
cg19603390	C1GALT1_gene_body_CpG	PATZ1	3	0.9503	2
cg19603390	C1GALT1_gene_body_CpG	Zfx	2	0.9396	1
cg19603390	C1GALT1_gene_body_CpG	KLF7	3	0.9337	1
cg19603390	C1GALT1_gene_body_CpG	TCFL5	2	0.9262	3
cg19603390	C1GALT1_gene_body_CpG	E2F6	1	0.9228	1
cg19603390	C1GALT1_gene_body_CpG	SP2	2	0.9178	2
cg19473623	C1GALT1_gene_body_CpG	LIN54	1	0.9157	1
cg19603390	C1GALT1_gene_body_CpG	KLF14	2	0.9133	2
cg19603390	C1GALT1_gene_body_CpG	Gmeb1	2	0.911	1
cg19603390	C1GALT1_gene_body_CpG	KLF10	2	0.9052	2
cg19603390	C1GALT1_gene_body_CpG	KLF12	1	0.9047	1
cg19473623	C1GALT1_gene_body_CpG	ARNT::HIF1A	1	0.9036	1
cg19603390	C1GALT1_gene_body_CpG	TFDP1	2	0.8979	1
cg19603390	C1GALT1_gene_body_CpG	KLF1	3	0.8968	1
cg19603390	C1GALT1_gene_body_CpG	ZNF281	1	0.8965	1
cg19603390	C1GALT1_gene_body_CpG	KLF3	1	0.8773	1
cg19603390	C1GALT1_gene_body_CpG	YY2	1	0.8772	1
cg16101574	C1GALT1_gene_body_CpG	MYCN	1	0.8766	1
cg17994788	C1GALT1_gene_body_CpG	Gmeb1	1	0.8766	1
cg19603390	C1GALT1_gene_body_CpG	NFIC	1	0.8728	1
cg19603390	C1GALT1_gene_body_CpG	ZNF692	1	0.8724	1
cg19603390	C1GALT1_gene_body_CpG	PLAGL2	1	0.8716	1
cg19603390	C1GALT1_gene_body_CpG	ASCL1	1	0.8687	2
cg19603390	C1GALT1_gene_body_CpG	MYOG	1	0.8679	2
cg19603390	C1GALT1_gene_body_CpG	HINFP	1	0.866	2
cg19603390	C1GALT1_gene_body_CpG	ZNF263	1	0.8659	1
cg19603390	C1GALT1_gene_body_CpG	KLF2	1	0.8645	1
cg19473623	C1GALT1_gene_body_CpG	HES1	1	0.8575	1
cg19473623	C1GALT1_gene_body_CpG	KLF10	1	0.8567	1
cg19603390	C1GALT1_gene_body_CpG	ZNF417	2	0.8562	1
cg19603390	C1GALT1_gene_body_CpG	NFIX	1	0.8558	1
cg19603390	C1GALT1_gene_body_CpG	TFAP2E	1	0.8534	1
cg19473623	C1GALT1_gene_body_CpG	KLF14	1	0.8526	1
cg19603390	C1GALT1_gene_body_CpG	KLF6	1	0.8475	1
cg19603390	C1GALT1_gene_body_CpG	TFAP2B	1	0.8475	1
cg19603390	C1GALT1_gene_body_CpG	Nr1H4	1	0.8466	1
cg19603390	C1GALT1_gene_body_CpG	HIF1A	1	0.8458	2
cg17994788	C1GALT1_gene_body_CpG	ZNF784	1	0.8455	1
cg19603390	C1GALT1_gene_body_CpG	Nr1H2	1	0.8421	1
cg17994788	C1GALT1_gene_body_CpG	Nr1h3::Rxra	1	0.8404	1
cg16101574	C1GALT1_gene_body_CpG	Runx1	1	0.8401	1
cg19603390	C1GALT1_gene_body_CpG	NFYB	1	0.8399	1
cg19603390	C1GALT1_gene_body_CpG	HES1	1	0.8395	3
cg19603390	C1GALT1_gene_body_CpG	Olig2	1	0.8394	1
cg17994788	C1GALT1_gene_body_CpG	BARHL1	1	0.8388	1
cg19603390	C1GALT1_gene_body_CpG	ZNF93	1	0.8379	2
cg19603390	C1GALT1_gene_body_CpG	Neurod2	1	0.8373	1
cg04827551	C1GALT1_gene_body_CpG	OSR2	1	0.8372	1
cg19603390	C1GALT1_gene_body_CpG	Twist2	1	0.8371	1
cg19473623	C1GALT1_gene_body_CpG	RARA::RXRG	2	0.8362	1
cg19603390	C1GALT1_gene_body_CpG	Tcf12	1	0.836	1
cg19473623	C1GALT1_gene_body_CpG	KLF12	1	0.8351	1
cg17994788	C1GALT1_gene_body_CpG	GMEB2	1	0.8348	1
cg19603390	C1GALT1_gene_body_CpG	BHLHE22	1	0.8346	1
cg16101574	C1GALT1_gene_body_CpG	Arnt	1	0.8339	1
cg16101574	C1GALT1_gene_body_CpG	SP5	1	0.8336	1
cg16101574	C1GALT1_gene_body_CpG	Mlxip	1	0.8333	1
cg16101574	C1GALT1_gene_body_CpG	MNT	1	0.8332	1
cg16101574	C1GALT1_gene_body_CpG	MAX	1	0.8327	1
cg16101574	C1GALT1_gene_body_CpG	ARNT::HIF1A	1	0.8321	1
cg16101574	C1GALT1_gene_body_CpG	MYC	1	0.8318	1
cg19603390	C1GALT1_gene_body_CpG	NHLH2	1	0.8316	2
cg19603390	C1GALT1_gene_body_CpG	VEZF1	1	0.8297	1
cg19603390	C1GALT1_gene_body_CpG	Nr1h3	1	0.829	1
cg19603390	C1GALT1_gene_body_CpG	ELK4	1	0.8279	1
cg19603390	C1GALT1_gene_body_CpG	GCM2	2	0.8268	1
cg19473623	C1GALT1_gene_body_CpG	KLF1	1	0.8267	1
cg19603390	C1GALT1_gene_body_CpG	KLF5	1	0.8246	1
cg19603390	C1GALT1_gene_body_CpG	NR2C1	1	0.8225	1
cg17994788	C1GALT1_gene_body_CpG	FOXF2	1	0.8221	1
cg19603390	C1GALT1_gene_body_CpG	NR2C2	1	0.822	1
cg19603390	C1GALT1_gene_body_CpG	KLF15	1	0.8195	1
cg19473623	C1GALT1_gene_body_CpG	HES2	1	0.8167	1
cg19473623	C1GALT1_gene_body_CpG	KLF7	1	0.8132	1
cg17994788	C1GALT1_gene_body_CpG	Foxl2	1	0.812	1
cg17994788	C1GALT1_gene_body_CpG	FOXC2	1	0.8108	1
cg16101574	C1GALT1_gene_body_CpG	MAX::MYC	1	0.8088	1
cg19473623	C1GALT1_gene_body_CpG	RARA::RXRA	1	0.8075	1
cg19473623	C1GALT1_gene_body_CpG	HES6	1	0.8073	1
cg19603390	C1GALT1_gene_body_CpG	HIC2	1	0.8047	1
cg19603390	C1GALT1_gene_body_CpG	CTCFL	1	0.8045	2
cg19473623	C1GALT1_gene_body_CpG	SP2	1	0.8031	1
cg19603390	C1GALT1_gene_body_CpG	PRDM9	1	0.8026	3
cg16101574	C1GALT1_gene_body_CpG	Npas2	1	0.8023	1
cg17994788	C1GALT1_gene_body_CpG	FOXA2	1	0.8021	1
cg16101574	C1GALT1_gene_body_CpG	Ahr::Arnt	1	0.8017	1
cg16101574	C1GALT1_gene_body_CpG	ZIC4	1	0.8017	1
cg19603390	C1GALT1_gene_body_CpG	ZBTB11	1	0.8013	1
cg17994788	C1GALT1_gene_body_CpG	OVOL2	1	0.8004	1
