lead_rsid	cell_subset	B_lineage	is_independent_signal	rank_of_association	nominal_P	effect_slope	variant_pos_hg38
rs10238682	DN_B	yes	yes	0	1.10373e-07	0.226164	7215386
rs10238682	Naive_B	yes	yes	0	6.40587e-07	0.263739	7215386
rs10238682	Plasmablast	yes	no				7215386
rs10238682	SM_B	yes	yes	0	3.9484e-12	0.331075	7215386
rs10238682	USM_B	yes	yes	0	3.09562e-11	0.32927	7215386
rs10238682	CD16p_Mono	no	yes	0	4.0245e-12	0.259087	7215386
rs10238682	CL_Mono	no	yes	0	1.11754e-06	0.15573	7215386
rs10238682	EM_CD8	no	yes	0	1.57323e-05	0.207201	7215386
rs10238682	Int_Mono	no	yes	0	1.16527e-06	0.191587	7215386
rs10238682	LDG	no	yes	0	6.3372e-11	-0.235981	7215386
rs10238682	Mem_CD8	no	yes	0	3.1885e-08	0.228952	7215386
rs10238682	NC_Mono	no	yes	0	2.7095e-07	0.216082	7215386
rs10238682	NK	no	yes	0	8.46778e-05	0.17085	7215386
rs10238682	Naive_CD8	no	yes	0	0.00238682	0.132793	7215386
rs10238682	Neu	no	yes	1	1.76884e-07	-0.368922	7215386
rs10238682	TEMRA_CD8	no	yes	0	5.64849e-08	0.250978	7215386
rs10238682	Tfh	no	yes	0	7.50937e-07	0.212265	7215386
rs10238682	Th17	no	yes	0	1.39115e-05	0.143273	7215386
rs10238682	Th2	no	yes	0	8.87975e-06	0.177844	7215386
rs10238682	mDC	no	yes	0	8.51349e-09	0.22727	7215386
rs10238682	pDC	no	yes	0	2.19142e-14	0.337286	7215386
rs13226913	DN_B	yes	no				7207215
rs13226913	Naive_B	yes	no				7207215
rs13226913	Plasmablast	yes	no				7207215
rs13226913	SM_B	yes	no				7207215
rs13226913	USM_B	yes	no				7207215
rs13226913	EM_CD8	no	yes	0	1.73657e-05	0.379974	7207215
rs13226913	Naive_CD4	no	yes	1	6.11164e-06	0.613968	7207215
rs13226913	Neu	no	yes	0	0.0363709	-0.101694	7207215
