lead_rsid	gene	test	stat	se	p	note
rs13226913	C1GALT1	fixed_effect_beta	0.10073156106021557	0.023700851501710946	2.1365207275804172e-05	inverse-variance pooling of 3 subsets
rs13226913	C1GALT1	cochran_Q	6.153942354116685		0.04609867012274923	df=2; I2=67.5%
rs13226913	C1GALT1	pairwise_B_naive_vs_B_intermediate	0.1385329	0.057304304533778265	0.015627725983455593	difference in beta
rs13226913	C1GALT1	pairwise_B_naive_vs_B_memory	0.09270809999999999	0.057641051822550915	0.1077543142784507	difference in beta
rs13226913	C1GALT1	pairwise_B_intermediate_vs_B_memory	-0.0458248	0.059670299403388284	0.4425069978436482	difference in beta
rs13226913	C1GALT1	metareg_naive_vs_experienced	-0.1158695862115827	0.0491212350129342	0.018331703131450865	x=0 naive, x=1 memory|intermediate
rs13226913	C1GALT1	trend_per_stage	-0.04881508929777446	0.028788460085951935	0.08995259775202112	rank naive<intermediate<memory (WLS slope)
rs10238682	C1GALT1	fixed_effect_beta	0.09573968729163794	0.02910620554283241	0.001004289951299536	inverse-variance pooling of 3 subsets
rs10238682	C1GALT1	cochran_Q	6.118394963401422		0.04692533855612675	df=2; I2=67.3%
rs10238682	C1GALT1	pairwise_B_naive_vs_B_intermediate	0.1694207	0.07038913066440017	0.01608788528410065	difference in beta
rs10238682	C1GALT1	pairwise_B_naive_vs_B_memory	0.1143573	0.07077254411818187	0.10612832312030815	difference in beta
rs10238682	C1GALT1	pairwise_B_intermediate_vs_B_memory	-0.055063400000000005	0.07327480022934214	0.4523732490275709	difference in beta
rs10238682	C1GALT1	metareg_naive_vs_experienced	-0.14216652869448385	0.060326245333043566	0.018441702666560113	x=0 naive, x=1 memory|intermediate
rs10238682	C1GALT1	trend_per_stage	-0.060154039019713675	0.035347430547163675	0.08879402455674583	rank naive<intermediate<memory (WLS slope)
