se_mre	clumped	hetchisq	num_studies	pval_mre	samplesize	beta_a1	freq_se	hetpval	hetisq	rsid	pval_are	direction	cistrans	a1	a2	se_are	snp	pval	tausq	cpg	beta_are_a1	freq_a1	se
0.0148666	False	39.8121415	32	5.645e-09	24633	-0.0866269	0.0244	0.1333	22.1	rs17164011	1.163e-10	++-+++?++++?+-+++++++++++?+++++-+?--	True	C	A	0.0136213	chr7:7197390:SNP	0.0	0.001238	cg19473623	-0.0877761	0.1889	0.011576
0.024801	False	61.3098904	30	8.223e-16	23381	0.1996686	0.0268	0.0004232	52.7	rs71533356	7.31e-29	++++++?++++?++++++++++++??+++++?+?++	True	A	G	0.0180013	chr7:7237892:SNP	0.0	0.0046763	cg19473623	0.2006812	0.1954	0.011731
0.0136675	False	46.4074511	32	1.365e-23	24619	0.1368236	0.0309	0.03716	33.2	rs10251505	2.603e-32	++++++?++++?+++++++++++++?+++++++?++	True	A	G	0.0116854	chr7:7254489:SNP	0.0	0.0013454	cg19473623	0.138286	0.4165	0.0091298
0.0158387	False	50.8374913	31	1.748e-06	24112	0.0757181	0.0279	0.01013	41.0	rs1796114	1.287e-09	-+++++?++++?+-+++++-++++??+++++++?++	True	A	T	0.0128183	chr7:7314353:SNP	0.0	0.0019112	cg19473623	0.0777941	0.3934	0.0093467
0.0158273	False	50.8323921	31	1.49e-06	24112	0.0761705	0.0282	0.01015	41.0	rs1631761	9.515e-10	+-----?----?-+-----+----??-------?--	True	C	T	0.0128093	chr7:7315011:SNP	0.0	0.0019083	cg19473623	0.0783587	0.3936	0.0093409
0.0151194	False	48.7356523	31	7.431e-08	24138	0.0813486	0.0289	0.01672	38.4	rs1638210	2.377e-11	+-----?----?-+-----+----??-------?+-	True	C	T	0.0124818	chr7:7317960:SNP	0.0	0.0017037	cg19473623	0.0833881	0.397	0.009307
0.0473418	False	72.1174687	29	3.087e-05	22866	-0.1972724	0.0168	9.366e-06	61.2	rs12531272	4.152e-10	------?----?-+---------+????-----?--	True	C	G	0.0312831	chr7:7338755:SNP	0.0	0.0156981	cg19473623	-0.195463	0.0734	0.0183807
0.0176996	True	39.50442	28	4.654e-16	21175	0.1437247	0.0147	0.05697	31.7	chr7:7186733:D	6.749e-22	++++++??+?+?++++++++++++??+++++?+?++	True	D	I	0.015392	chr7:7186733:INDEL	0.0	0.0019357	cg19473623	0.1480321	0.2036	0.0120971
0.0253002	False	41.9415967	28	3.554e-11	21174	0.1675268	0.0177	0.03335	35.6	chr7:7220143:D	9.468e-15	++++++??+?+?+++++-++++++??+++++?+?-+	True	D	I	0.0214224	chr7:7220143:INDEL	0.0	0.0041951	cg19473623	0.1659425	0.1009	0.0162871
0.0124657	False	14.2469905	17	3.262e-11	13668	-0.0827001	0.0234	0.5803	0.0	chr7:7272128:I	3.262e-11	?++??+????+??++?++++??++???+?++???++	True	I	D	0.0124657	chr7:7272128:INDEL	0.0	0.0	cg19473623	-0.0827001	0.385	0.0124657
0.0271021	False	69.8058463	31	7.036e-15	24134	0.210958	0.0274	5.154e-05	57.0	rs10257835	1.205e-29	------?----?------------??-------?--	True	C	A	0.0187088	chr7:7234587:SNP	2.567e-73	0.0056679	cg19473623	0.2115502	0.1912	0.0116475
0.0225475	False	61.5349254	32	2.915e-18	24643	0.1964949	0.0253	0.0008866	49.6	rs10238682	1.846e-31	------?----?-------------?-------?--	True	G	A	0.0168316	chr7:7255017:SNP	4.813e-67	0.0041275	cg19473623	0.1963996	0.1988	0.011359
0.0223099	False	60.8565195	32	1.631e-18	24636	0.1958866	0.0254	0.001069	49.1	rs4527791	2.404e-31	------?----?-------------?-------?--	True	C	T	0.0167463	chr7:7256728:SNP	1.411e-66	0.0040398	cg19473623	0.1950278	0.1986	0.0113646
0.0213706	False	57.1906857	32	1.05e-20	24638	0.1994055	0.0282	0.002851	45.8	rs12702594	8.208e-33	++++++?++++?+++++++-+++++?+++++++?++	True	T	C	0.0165499	chr7:7256828:SNP	2.082e-66	0.0036826	cg19473623	0.197448	0.1898	0.0115839
0.0233158	False	56.9886441	29	1.388e-16	22644	0.1927231	0.0395	0.000973	50.9	rs61047106	1.546e-28	++++++??+++?++++++++++++??+++++?+?++	True	T	C	0.0172708	chr7:7285857:SNP	1.645e-63	0.0040094	cg19473623	0.1913827	0.2199	0.0114557
0.0196778	False	57.2897597	32	1.892e-19	24649	0.1774804	0.0334	0.002778	45.9	rs7794210	1.438e-31	------?----?-------------?-------?--	True	G	T	0.0152124	chr7:7282436:SNP	2.23e-62	0.0031225	cg19473623	0.1778287	0.2385	0.0106478
0.0235006	False	58.3708023	30	1.425e-16	23398	0.1941774	0.0262	0.0009806	50.3	rs146212913	8.39e-29	------?----?------------??-----?-?--	True	G	A	0.0174707	chr7:7238454:SNP	4.16e-62	0.0042101	cg19473623	0.1945514	0.1978	0.0116757
0.0234734	False	61.3144534	31	4.121e-16	24156	0.1909547	0.0243	0.0006363	51.1	rs1008898	3.461e-28	++++++?++++?++++++++++++??+++++++?++	True	T	G	0.0172894	chr7:7273559:SNP	4.491e-62	0.0043342	cg19473623	0.1903377	0.1971	0.0114851
0.0194936	False	56.6003962	32	9.343e-20	24625	0.1773202	0.0336	0.003324	45.2	rs11764290	1.076e-31	------?----?-------------?-------?--	True	C	T	0.0151595	chr7:7284591:SNP	6.073e-62	0.0030573	cg19473623	0.1775835	0.2374	0.0106766
0.0199198	False	55.3037436	31	2.822e-19	23914	0.1787895	0.0339	0.003279	45.8	rs12535339	3.516e-31	++++++?++++?+++++++++++++?+++++?+?++	True	A	T	0.0154399	chr7:7281868:SNP	1.715e-61	0.003101	cg19473623	0.179313	0.238	0.0108057
0.0193837	False	56.3631541	32	9.415e-20	24638	0.1763048	0.0335	0.003534	45.0	rs7790522	1.99e-31	------?----?-------------?-------?--	True	G	A	0.0151062	chr7:7282549:SNP	1.982e-61	0.0030202	cg19473623	0.176171	0.2378	0.0106611
0.0213054	False	55.5116206	31	7.045e-19	24121	0.1890674	0.0153	0.003105	46.0	rs12702584	1.621e-31	------?----?------------??-------?--	True	C	T	0.0164873	chr7:7194680:SNP	1.361e-60	0.0035499	cg19473623	0.1925644	0.1933	0.011514
0.0179958	False	50.1864131	31	1.126e-21	24150	0.1721234	0.0202	0.01186	40.2	rs10244129	5.262e-33	------?----?------------??-------?--	True	C	T	0.0146238	chr7:7194759:SNP	1.268e-57	0.0024522	cg19473623	0.1750096	0.233	0.0107574
0.0234187	False	53.4934555	28	1.131e-15	21174	0.1876244	0.0404	0.001754	49.5	chr7:7285856:I	2.494e-26	------??-?-?---+--------??-----?-?--	True	I	D	0.0176036	chr7:7285856:INDEL	9.717e-57	0.0039127	cg19473623	0.1868905	0.2206	0.0118202
0.0265056	False	58.4441508	28	2.606e-13	21175	0.1938446	0.0265	0.0004203	53.8	chr7:7255104:D	1.272e-24	++++++??+?+?++++++++++++??+++++?+?++	True	D	I	0.0190496	chr7:7255104:INDEL	1.919e-56	0.0049825	cg19473623	0.1951246	0.1998	0.0122451
0.0163489	False	53.1271818	31	4.457e-18	24123	0.1416873	0.0344	0.005742	43.5	rs4720727	1.417e-28	++++++?++++?+-++++++++++??+++++++?++	True	C	G	0.0129298	chr7:7226695:SNP	3.681e-53	0.0020685	cg19473623	0.1433804	0.412	0.0092319
0.0249506	False	52.3933705	27	3.025e-14	20564	0.1895566	0.0265	0.00161	50.4	rs10273366	1.391e-24	------??-?-?------------???----?-?--	True	G	T	0.0186047	chr7:7237412:SNP	6.61e-53	0.0042853	cg19473623	0.1904081	0.2015	0.0123817
0.0372209	False	76.6367824	31	3.877e-09	24145	0.2192067	0.0224	5.946e-06	60.9	rs11763876	1.738e-17	------?----?-------+----??-------?+-	True	G	A	0.0246401	chr7:7249747:SNP	3.741e-51	0.0104162	cg19473623	0.2096902	0.1125	0.0145704
0.0143891	False	48.9361334	32	2.177e-21	24649	0.1366417	0.0321	0.02136	36.7	rs13226913	1.04e-30	------?----?-------------?-------?--	True	C	T	0.0120059	chr7:7246846:SNP	8.466e-51	0.0015611	cg19473623	0.138314	0.4199	0.0091152
0.0135319	False	45.9786929	32	5.49e-24	24633	0.1366805	0.0306	0.04069	32.6	rs4318980	1.584e-32	++++++?++++?+-+++++++++++?+++++++?++	True	A	G	0.011617	chr7:7256490:SNP	9.764e-51	0.001306	cg19473623	0.1379588	0.4174	0.0091236
0.014552	False	49.5018457	32	6.98e-21	24640	0.1364117	0.0321	0.01879	37.4	rs6463656	2.733e-30	++++++?++++?+++++++++++++?+++++++?++	True	T	C	0.0120766	chr7:7244181:SNP	1.174e-50	0.0016096	cg19473623	0.1381191	0.4199	0.0091131
0.014552	False	49.5018457	32	6.98e-21	24640	0.1364117	0.0321	0.01879	37.4	rs6463657	2.733e-30	++++++?++++?+++++++++++++?+++++++?++	True	A	G	0.0120766	chr7:7244254:SNP	1.174e-50	0.0016096	cg19473623	0.1381191	0.4199	0.0091131
0.0376925	False	78.0857742	31	1.755e-08	24136	0.2123818	0.0218	3.709e-06	61.6	rs11765592	3.21e-16	------?----?-------+----??-------?+-	True	C	T	0.0246954	chr7:7250753:SNP	1.064e-48	0.0106065	cg19473623	0.2016416	0.1143	0.0144812
0.0364157	False	74.6145439	31	4.35e-09	24123	0.2137708	0.0231	1.14e-05	59.8	rs17318297	3.803e-17	------?----?-------+----??-------?+-	True	G	C	0.024414	chr7:7289938:SNP	2.796e-48	0.0100582	cg19473623	0.2055374	0.1115	0.0146415
0.0147018	False	45.1587583	30	1.511e-20	23333	0.1366118	0.0352	0.0284	35.8	rs57552003	7.17e-29	++++++??+++?+-++++++++++??+++++++?++	True	A	G	0.0123736	chr7:7223104:SNP	1.88e-47	0.0015146	cg19473623	0.1379638	0.4064	0.0094412
0.0374433	False	80.9274998	31	9.808e-08	24127	0.1995819	0.0269	1.452e-06	62.9	rs11767455	6.535e-16	----+-?----?-+----------??-------?+-	True	T	A	0.0240575	chr7:7228824:SNP	7.033e-47	0.0103136	cg19473623	0.194358	0.1267	0.0138803
0.036176	False	79.6409611	32	2.267e-08	24636	0.2022333	0.0284	3.722e-06	61.1	rs4278083	4.866e-16	------?----?-------+-----?-------?+-	True	G	A	0.023842	chr7:7256304:SNP	8.997e-47	0.0101275	cg19473623	0.1934728	0.121	0.0140814
0.0179127	False	48.9822429	28	2.639e-15	21173	0.1416333	0.036	0.005952	44.9	chr7:7225692:D	9.662e-25	++++++??+?+?+-++++++++++??+++++?+?++	True	D	I	0.0140553	chr7:7225692:INDEL	1.156e-46	0.0022647	cg19473623	0.1443426	0.4127	0.0098738
0.0357448	False	74.8854612	31	9.121e-09	24146	0.2054005	0.0288	1.045e-05	59.9	rs2108788	1.174e-16	------?----?-------+----??-------?+-	True	C	T	0.0239083	chr7:7258901:SNP	1.164e-46	0.009678	cg19473623	0.1980966	0.1195	0.0143198
0.0152001	False	45.9131704	30	1.441e-19	22374	0.1375478	0.0323	0.02394	36.8	rs2881756	5.625e-28	++++++??+?+?+++++++++++++?+++++++?++	True	T	C	0.0126886	chr7:7256440:SNP	1.49e-46	0.0016401	cg19473623	0.1391316	0.413	0.0096008
0.0362156	False	79.7137996	32	2.535e-08	24635	0.2017518	0.0284	3.635e-06	61.1	rs56331533	6.33e-16	++++++?++++?+++++++-+++++?+++++++?-+	True	T	G	0.0238561	chr7:7256187:SNP	1.528e-46	0.0101463	cg19473623	0.1928233	0.121	0.0140839
0.0151657	False	45.8233138	30	1.678e-19	22376	0.1369844	0.032	0.02443	36.7	rs2881755	7.278e-28	++++++??+?+?+++++++++++++?+++++++?++	True	T	C	0.0126693	chr7:7256439:SNP	3.252e-46	0.0016303	cg19473623	0.1386245	0.4141	0.0095979
0.0376549	False	79.169582	31	6.913e-08	24129	0.2030887	0.0287	2.599e-06	62.1	rs11771426	9.177e-16	------?----?-------+----??-------?+-	True	G	A	0.0244789	chr7:7262977:SNP	5.703e-46	0.0105249	cg19473623	0.1967464	0.12	0.0142687
0.0364574	False	80.1756353	32	4.25e-08	24637	0.1997918	0.0283	3.129e-06	61.3	rs2159192	1.702e-15	++++-+?++++?+++++++-+++++?+++++++?-+	True	A	G	0.023946	chr7:7255258:SNP	1.339e-45	0.0102603	cg19473623	0.1906427	0.1205	0.0140963
0.0364703	False	80.2379265	32	4.36e-08	24638	0.1996967	0.0283	3.066e-06	61.4	rs2108789	1.762e-15	----+-?----?-------+-----?-------?+-	True	G	T	0.0239435	chr7:7255499:SNP	1.354e-45	0.0102644	cg19473623	0.1905197	0.1206	0.0140903
0.0382484	False	80.4554725	31	1.287e-07	24148	0.2019781	0.0292	1.699e-06	62.7	rs73674687	5.067e-15	------?----?-+-----+----??-------?+-	True	C	T	0.0246942	chr7:7244448:SNP	1.574e-45	0.010795	cg19473623	0.1932378	0.1204	0.0142619
0.0376074	False	79.1554216	31	8.286e-08	24140	0.2016056	0.0295	2.611e-06	62.1	rs73674686	3.204e-15	------?----?-+-----+----??-------?+-	True	G	A	0.0244868	chr7:7241675:SNP	2.019e-45	0.0105044	cg19473623	0.1930222	0.1206	0.0142533
0.0384974	False	81.0740111	31	1.741e-07	24148	0.2011493	0.0291	1.383e-06	63.0	rs56381638	8.052e-15	------?----?-+-----+----??-------?+-	True	G	A	0.0247558	chr7:7245480:SNP	2.843e-45	0.0109013	cg19473623	0.1922724	0.1206	0.0142453
0.0375858	False	79.1272816	31	8.902e-08	24148	0.2010018	0.0291	2.635e-06	62.1	rs56288560	3.863e-15	------?----?-+-----+----??-------?+-	True	G	A	0.0244747	chr7:7245928:SNP	3.524e-45	0.0104932	cg19473623	0.192354	0.1205	0.0142501
0.0371576	False	78.1274677	31	6.126e-08	24138	0.201211	0.0296	3.659e-06	61.6	rs2347889	2.392e-15	------?----?-+-----+----??-------?+-	True	G	T	0.024349	chr7:7233593:SNP	3.681e-45	0.0103054	cg19473623	0.1928221	0.1203	0.014268
0.0384873	False	81.0555747	31	1.795e-07	24148	0.2008822	0.0291	1.391e-06	63.0	rs6955941	9.068e-15	++++++?++++?+-+++++-++++??+++++++?-+	True	A	G	0.0247522	chr7:7244223:SNP	3.684e-45	0.0108966	cg19473623	0.1918712	0.1206	0.0142448
0.0367779	False	80.731724	32	6.275e-08	24632	0.1989968	0.0288	2.61e-06	61.6	rs73674688	3.211e-15	++++++?++++?+-+++++-+++++?+++++++?-+	True	A	C	0.0240851	chr7:7246482:SNP	4.314e-45	0.0104164	cg19473623	0.1898492	0.1203	0.0141223
0.0378732	False	79.5166861	31	1.079e-07	24126	0.2012147	0.0297	2.318e-06	62.3	rs144071246	4.036e-15	++++++?++++?+-+++++-++++??+++++++?-+	True	A	G	0.0245982	chr7:7238975:SNP	4.898e-45	0.0106347	cg19473623	0.1931889	0.1201	0.0142888
0.0379155	False	82.3566897	31	2.903e-07	24127	0.1944921	0.0262	9.005e-07	63.6	rs75439000	4.158e-15	++++++?++++?++++++++++++??+++++++?-+	True	A	G	0.0241284	chr7:7241107:SNP	4.904e-45	0.0104962	cg19473623	0.1894096	0.1281	0.0138114
0.0372862	False	78.4088849	31	7.198e-08	24137	0.2008288	0.0295	3.337e-06	61.7	rs57539236	3.188e-15	++++++?++++?+-+++++-++++??+++++++?-+	True	T	C	0.0243905	chr7:7235898:SNP	5.23e-45	0.0103631	cg19473623	0.1922776	0.1204	0.014266
0.0378045	False	79.3735707	31	1.045e-07	24128	0.2010686	0.0297	2.43e-06	62.2	rs75096566	4.263e-15	------?----?-+-----+----??-------?+-	True	G	T	0.0245775	chr7:7239504:SNP	5.646e-45	0.0106039	cg19473623	0.1928583	0.1202	0.0142886
0.038307	False	80.4100261	31	1.528e-07	24114	0.2010813	0.0297	1.725e-06	62.7	rs4035244	6.458e-15	----+-?----?-+-----+----??-------?+-	True	G	A	0.0247347	chr7:7239843:SNP	5.838e-45	0.0108309	cg19473623	0.1927985	0.1199	0.0142919
0.0369688	False	77.7268535	31	5.639e-08	24139	0.2007363	0.0295	4.171e-06	61.4	rs6972192	2.649e-15	------?----?-+-----+----??-------?+-	True	G	A	0.0242887	chr7:7230712:SNP	5.953e-45	0.0102207	cg19473623	0.1920369	0.1204	0.0142688
0.037219	False	78.222725	31	7.038e-08	24139	0.2006177	0.0296	3.547e-06	61.6	rs11770362	3.519e-15	------?----?-+-----+----??-------?+-	True	G	A	0.0243759	chr7:7231791:SNP	7.227e-45	0.0103353	cg19473623	0.1918621	0.1203	0.0142742
0.0368084	False	77.3836182	31	5.104e-08	24139	0.20052	0.0295	4.665e-06	61.2	rs6971686	2.509e-15	------?----?-+-----+----??-------?+-	True	G	A	0.0242386	chr7:7230385:SNP	7.489e-45	0.0101488	cg19473623	0.1918035	0.1204	0.0142699
0.0375463	False	78.6141419	31	8.218e-08	24147	0.2013334	0.029	3.12e-06	61.8	rs61244224	4.949e-15	----+-?----?-------+----??-------?+-	True	C	A	0.0245202	chr7:7254213:SNP	7.523e-45	0.0104978	cg19473623	0.1919488	0.1191	0.0143281
0.0377024	False	79.2840303	31	1.058e-07	24137	0.2004447	0.0295	2.503e-06	62.2	rs7789121	5.363e-15	++++++?++++?+-+++++-++++??+++++++?-+	True	A	G	0.0245227	chr7:7236958:SNP	7.655e-45	0.0105505	cg19473623	0.1917211	0.1204	0.0142661
0.0374765	False	78.7391295	31	8.656e-08	24134	0.2006077	0.0295	2.994e-06	61.9	rs6950502	4.35e-15	----+-?----?-+-----+----??-------?+-	True	G	A	0.0244637	chr7:7226483:SNP	7.766e-45	0.0104524	cg19473623	0.1919037	0.1198	0.0142787
0.0363216	False	79.8170586	32	4.902e-08	24634	0.198128	0.0287	3.515e-06	61.2	rs59388279	2.703e-15	------?----?-------+-----?-------?+-	True	T	A	0.0239259	chr7:7250370:SNP	8.293e-45	0.0102029	cg19473623	0.1891079	0.1205	0.0141069
0.0379599	False	79.7007747	31	1.248e-07	24126	0.2006668	0.0297	2.181e-06	62.4	rs11772040	6.044e-15	------?----?-+-----+----??-------?+-	True	C	A	0.0246257	chr7:7238624:SNP	8.38e-45	0.0106739	cg19473623	0.1921549	0.1202	0.0142884
0.0365382	False	80.216125	32	5.737e-08	24632	0.1982857	0.0287	3.088e-06	61.4	rs80068521	3.029e-15	++++++?++++?+++++++-+++++?+++++++?-+	True	C	G	0.0240048	chr7:7247099:SNP	8.563e-45	0.0103056	cg19473623	0.18939	0.1204	0.0141204
0.0378333	False	82.423297	31	3.213e-07	24149	0.1933475	0.0259	8.806e-07	63.6	rs55873732	7.089e-15	++++-+?++++?++++++++++++??+++++++?-+	True	A	T	0.0240764	chr7:7242601:SNP	8.766e-45	0.0104476	cg19473623	0.187384	0.1289	0.0137704
0.0390692	False	82.2789636	31	3.069e-07	24113	0.2000025	0.0295	9.243e-07	63.5	rs4415231	2.24e-14	------?-+--?-+-----+----??-------?+-	True	G	A	0.0249269	chr7:7232920:SNP	8.866e-45	0.0111575	cg19473623	0.1903431	0.1212	0.0142451
0.0379762	False	79.7843651	31	1.298e-07	24126	0.2004791	0.0296	2.122e-06	62.4	rs11772803	6.516e-15	----+-?----?-+-----+----??-------?+-	True	G	T	0.0246209	chr7:7238640:SNP	8.926e-45	0.0106781	cg19473623	0.1918836	0.1203	0.0142796
0.0370009	False	77.7174638	31	6.165e-08	24135	0.2003211	0.0296	4.184e-06	61.4	rs6967880	3.189e-15	++++++?++++?+-+++++-++++??+++++++?-+	True	C	G	0.0243165	chr7:7226568:SNP	1.092e-44	0.0102394	cg19473623	0.191693	0.1197	0.0142828
0.03666	False	80.5918368	32	6.972e-08	24634	0.197667	0.0287	2.732e-06	61.5	rs73674691	4.673e-15	----+-?----?-------+-----?-------?+-	True	G	A	0.0240273	chr7:7251353:SNP	1.218e-44	0.0103564	cg19473623	0.1882641	0.1206	0.0141014
0.0376463	False	79.191418	31	1.165e-07	24132	0.1994841	0.0295	2.58e-06	62.1	rs55809219	7.06e-15	----+-?----?-+-----+----??-------?+-	True	G	A	0.0245	chr7:7236153:SNP	1.856e-44	0.0105238	cg19473623	0.1906934	0.1206	0.0142615
0.0368461	False	80.1880294	31	1.701e-07	24138	0.1926827	0.0262	1.856e-06	62.6	rs17164678	4.389e-15	++++-+?++++?++++++++++++??+++++++?-+	True	A	G	0.0237756	chr7:7227870:SNP	2.129e-44	0.0100227	cg19473623	0.1864787	0.1287	0.0137849
0.0370938	False	80.7385182	31	2.18e-07	24137	0.1922687	0.0262	1.546e-06	62.8	rs7811886	5.312e-15	++++-+?++++?++++++++++++??+++++++?-+	True	A	T	0.0238505	chr7:7236560:SNP	3.156e-44	0.0101296	cg19473623	0.1864941	0.1288	0.0137829
0.0386057	False	84.2527328	31	6.881e-07	24149	0.191665	0.0257	4.749e-07	64.4	rs73674689	1.686e-14	++++++?++++?+++++++-++++??+++++++?-+	True	T	C	0.0242922	chr7:7246533:SNP	3.473e-44	0.0107743	cg19473623	0.1863831	0.1292	0.0137464
0.0340293	False	71.3640829	31	4.662e-09	24112	0.1993713	0.029	3.18e-05	58.0	rs55917630	2.984e-16	++++++?++++?+++++++-++++??+++++++?-+	True	A	G	0.0233472	chr7:7254020:SNP	3.777e-44	0.008903	cg19473623	0.1908386	0.1198	0.0143052
0.0366964	False	79.8735251	31	1.658e-07	24138	0.1920741	0.0261	2.06e-06	62.4	rs1010365	4.001e-15	++++-+?++++?+++++++-++++??+++++++?-+	True	C	G	0.0237243	chr7:7229634:SNP	3.848e-44	0.0099568	cg19473623	0.186352	0.1287	0.013783
0.0376527	False	78.938602	31	1.299e-07	23881	0.198766	0.0288	2.804e-06	62.0	rs34414323	9.79e-15	------?----?-------+-----?-----?-?+-	True	G	A	0.0245615	chr7:7247434:SNP	7.246e-44	0.0105435	cg19473623	0.190154	0.1209	0.0143096
0.0353411	False	74.2473861	31	2.053e-08	24131	0.1981747	0.0293	1.281e-05	59.6	rs11764437	1.229e-15	------?----?-+-----+----??-------?+-	True	G	T	0.023765	chr7:7224860:SNP	8.607e-44	0.00949	cg19473623	0.1901552	0.1198	0.0142797
0.0287415	False	58.2231983	31	8.856e-13	24142	0.2054215	0.0217	0.001503	48.5	rs1432196	4.696e-20	------?----?-------+----??-------?+-	True	G	A	0.0218154	chr7:7206542:SNP	9.479e-44	0.0065075	cg19473623	0.2000644	0.1083	0.0148093
0.0367651	False	83.1575059	32	2.336e-07	24632	0.1900904	0.0255	1.175e-06	62.7	rs2108791	8.888e-15	++++-+?++++?+++++++++++++?+++++++?-+	True	T	C	0.0236624	chr7:7253520:SNP	9.681e-44	0.010282	cg19473623	0.1834836	0.1274	0.0137055
0.0385343	False	76.7143481	30	1.849e-07	23359	0.2009153	0.0303	3.468e-06	62.2	rs11771193	2.058e-14	------??---?-+-----+----??-------?+-	True	G	A	0.025108	chr7:7238107:SNP	2.827e-43	0.0106762	cg19473623	0.1919999	0.1199	0.014567
0.0347856	False	73.0843598	31	1.503e-08	24130	0.1969301	0.0293	1.853e-05	59.0	rs12538776	1.069e-15	++++++?++++?+-+++++-++++??+++++++?-+	True	A	G	0.0235828	chr7:7224278:SNP	2.861e-43	0.0092397	cg19473623	0.1891029	0.1198	0.0142789
0.0296029	False	62.3929167	31	3.4e-11	24134	0.1962111	0.0201	0.000468	51.9	rs13243458	9.455e-19	------?----?-----+------??-------?+-	True	T	A	0.0216688	chr7:7221952:SNP	3.142e-43	0.0068947	cg19473623	0.1915816	0.1181	0.0142338
0.0299336	False	63.0228784	31	5.532e-11	24134	0.1962401	0.02	0.0003904	52.4	rs7803355	1.331e-18	++++-+?++++?+++++-++++++??+++++++?-+	True	T	C	0.0217998	chr7:7221775:SNP	3.741e-43	0.0070436	cg19473623	0.1919052	0.118	0.0142489
0.027067	False	56.757649	31	3.585e-13	24148	0.1967878	0.0193	0.002232	47.1	rs12702586	1.013e-20	++++++?++++?+++++-++++++??+++++++?-+	True	A	G	0.0207766	chr7:7211940:SNP	4.753e-43	0.0057551	cg19473623	0.193942	0.1168	0.0143066
0.0417851	False	79.6618431	29	1.347e-06	22646	0.2019358	0.0299	7.495e-07	64.9	rs147531896	2.086e-13	++++++??+++?+-+++++-++++??+++++?+?-+	True	A	G	0.0262664	chr7:7237377:SNP	5.133e-43	0.0117733	cg19473623	0.1928789	0.1215	0.0146869
0.0268022	False	56.2561344	31	3.173e-13	24145	0.1953028	0.0192	0.002551	46.7	rs11773401	1.396e-20	++++++?++++?+++++-++++++??+++++++?-+	True	T	C	0.0206628	chr7:7213692:SNP	1.659e-42	0.0056366	cg19473623	0.1921783	0.1175	0.0142929
0.0347274	False	72.9958847	31	2.053e-08	24128	0.1947314	0.0293	1.906e-05	58.9	rs73674679	1.625e-15	++++-+?++++?+-+++++-++++??+++++++?-+	True	A	G	0.0235585	chr7:7223544:SNP	2.192e-42	0.0092125	cg19473623	0.1876913	0.1205	0.0142723
0.0265659	False	58.3035328	32	4.405e-13	24649	0.1924033	0.019	0.002127	46.8	rs11762665	3.208e-20	------?----?-----+-------?-------?+-	True	G	T	0.0204417	chr7:7217796:SNP	2.989e-42	0.0057165	cg19473623	0.1883042	0.1179	0.0141251
0.0348352	False	75.6831131	31	7.118e-08	24125	0.187698	0.0261	8.091e-06	60.4	rs59076890	2.532e-15	++++-+?++++?++++++++++++??+++++++?-+	True	T	C	0.0231552	chr7:7223416:SNP	4.4e-42	0.009155	cg19473623	0.1832043	0.1283	0.0138083
0.0392045	False	77.0397102	29	8.716e-07	22639	0.192832	0.0269	1.827e-06	63.7	rs11771192	7.792e-14	----+-??---?------------??-----?-?+-	True	G	A	0.0250173	chr7:7238096:SNP	9.961e-42	0.0105105	cg19473623	0.1869741	0.1288	0.0142488
0.0275891	False	65.2139636	31	5.34e-10	24151	0.1712947	0.0369	0.0002059	54.0	rs58096502	5.135e-17	------?----?-------+----??-------?+-	True	G	A	0.019776	chr7:7260204:SNP	1.637e-41	0.0059605	cg19473623	0.1657933	0.1583	0.0126917
0.0372284	False	77.1123841	30	3.907e-07	23402	0.1888748	0.0263	3.04e-06	62.4	rs4473928	3.015e-14	----+-?----?------------??-----?-?+-	True	G	A	0.0241269	chr7:7239557:SNP	1.78e-41	0.0099316	cg19473623	0.1833084	0.1285	0.0140006
0.0276207	False	65.2724171	31	5.809e-10	24156	0.1711249	0.0368	0.0002024	54.0	rs11772534	5.586e-17	++++++?++++?+++++++-++++??+++++++?-+	True	A	G	0.0197915	chr7:7260653:SNP	2.053e-41	0.0059735	cg19473623	0.1657273	0.1582	0.0126948
0.0375223	False	77.6670806	30	4.914e-07	23400	0.1887239	0.0264	2.529e-06	62.7	rs4476914	4.117e-14	++++-+?++++?++++++++++++??+++++?+?-+	True	T	C	0.0242289	chr7:7239555:SNP	2.34e-41	0.0100606	cg19473623	0.1831034	0.1285	0.0140104
0.0268276	False	63.1731459	31	1.891e-10	24155	0.1708902	0.0371	0.0003739	52.5	rs58407878	2.601e-17	++++++?++++?+++++++-++++??+++++++?++	True	A	T	0.0195356	chr7:7260161:SNP	5.029e-41	0.005658	cg19473623	0.1653337	0.157	0.01274
0.0172209	False	55.9533582	31	6.645e-13	24110	0.123759	0.0411	0.002764	46.4	rs10246303	1.705e-20	----+-?----?------------??-------?--	True	T	A	0.013271	chr7:7286445:SNP	5.752e-41	0.0023209	cg19473623	0.1231463	0.4243	0.0092332
0.029111	False	68.4741506	31	4.881e-09	24150	0.1703332	0.0392	7.748e-05	56.2	rs12536138	5.612e-16	++++++?++++?+++-+++-++++??+++++++?-+	True	A	G	0.0203579	chr7:7285869:SNP	1.106e-40	0.0065761	cg19473623	0.1648469	0.1575	0.0127541
0.029098	False	68.4115273	31	4.877e-09	24146	0.1702614	0.0392	7.897e-05	56.1	rs11766771	5.457e-16	++++++?++++?+++-+++-++++??+++++++?-+	True	A	G	0.0203559	chr7:7285180:SNP	1.297e-40	0.0065713	cg19473623	0.1649004	0.1574	0.0127601
0.0305549	False	65.7309364	31	1.364e-09	24137	0.1851512	0.0204	0.0001767	54.4	rs11771259	1.497e-16	------?----?-------+----??-------?+-	True	G	C	0.0217978	chr7:7277215:SNP	3.155e-40	0.0073017	cg19473623	0.1799784	0.1249	0.0139455
0.0266851	False	65.3783157	32	3.41e-10	24629	0.1675528	0.0369	0.0002992	52.6	rs6943933	8.078e-17	------?----?---+---+-----?-------?--	True	G	A	0.019398	chr7:7268047:SNP	5.018e-40	0.0057749	cg19473623	0.1615869	0.1559	0.0126531
0.0275991	False	67.8395929	32	1.667e-09	24649	0.1663484	0.0367	0.0001457	54.3	rs11772919	4.245e-16	------?----?---+---+-----?-------?+-	True	C	T	0.0197032	chr7:7269171:SNP	1.002e-39	0.006148	cg19473623	0.1602142	0.1566	0.0126117
0.0271308	False	63.140641	31	3.762e-10	24156	0.1699363	0.0396	0.0003774	52.5	rs5010184	1.105e-16	++++++?++++?+++-+++-++++??+++++++?++	True	A	G	0.019767	chr7:7286258:SNP	1.101e-39	0.0057877	cg19473623	0.1639249	0.1535	0.0128907
0.0268563	False	62.5167417	31	2.601e-10	24142	0.1697547	0.0395	0.0004517	52.0	rs4141099	6.319e-17	++++++?++++?+++-++++++++??+++++++?++	True	A	C	0.0196542	chr7:7276952:SNP	1.273e-39	0.0056751	cg19473623	0.1642918	0.1538	0.0128876
0.0158563	False	41.779239	31	3.625e-21	24131	0.1497301	0.0145	0.07475	28.2	rs28520721	1.691e-27	++++++?++++?++++++++++++??+++++++?++	True	A	C	0.0140478	chr7:7189248:SNP	1.688e-39	0.001604	cg19473623	0.1526302	0.2003	0.0113858
0.0276364	False	58.5823029	31	1.996e-11	24135	0.1853387	0.0187	0.001362	48.8	rs11761684	3.401e-18	----+-?----?-----+------??-------?+-	True	G	T	0.0208671	chr7:7216566:SNP	3.483e-39	0.0060148	cg19473623	0.1814859	0.1199	0.0141526
0.0140211	False	40.388583	29	1.549e-19	21897	0.1267685	0.0358	0.06104	30.7	rs12702588	1.481e-25	------??-?-?------------??-------?--	True	G	A	0.0122248	chr7:7222807:SNP	7.098e-39	0.0012338	cg19473623	0.1277367	0.4156	0.0097203
0.0148963	False	43.1219201	29	4.043e-17	21893	0.1253022	0.0344	0.03387	35.1	rs758263	4.696e-24	------??-?-?------------??-------?--	True	G	T	0.0126128	chr7:7221968:SNP	2.216e-38	0.0014917	cg19473623	0.1275904	0.4262	0.0096725
0.0164854	False	39.3244433	29	4.347e-20	22447	0.1513216	0.0135	0.07584	28.8	rs13224188	3.78e-26	------??---?-------?----??-------?--	True	C	T	0.0146015	chr7:7183088:SNP	5.022e-38	0.001647	cg19473623	0.1544511	0.2032	0.011738
0.0385428	False	68.6319206	28	4.261e-07	21175	0.1949084	0.03	1.754e-05	60.7	chr7:7255348:D	1.373e-13	++++-+??+?+?+++++++-++++??+++++?+?-+	True	D	I	0.0256734	chr7:7255348:INDEL	8.132e-38	0.0101426	cg19473623	0.1899548	0.1227	0.0151629
0.0159977	False	40.3166997	30	2.472e-20	23208	0.1478138	0.0136	0.07889	28.1	rs9886123	2.652e-26	++++++?++++?+++++++?++++??+++++++?++	True	T	C	0.0142102	chr7:7184035:SNP	9.137e-38	0.0015781	cg19473623	0.1507831	0.2052	0.0115072
0.0407402	False	72.5178635	28	2.153e-06	21175	0.1930491	0.0306	4.87e-06	62.8	chr7:7228401:D	1.904e-12	++++-+??+?+?+-+++++-++++??+++++?+?-+	True	D	I	0.0263864	chr7:7228401:INDEL	4.187e-37	0.0110971	cg19473623	0.185796	0.1225	0.0151685
0.041937	False	74.7120248	28	4.337e-06	21175	0.1926816	0.0303	2.328e-06	63.9	chr7:7245062:D	3.591e-12	++++++??+?+?+-+++++-++++??+++++?+?-+	True	D	I	0.0267503	chr7:7245062:INDEL	4.967e-37	0.0116119	cg19473623	0.1859791	0.1224	0.0151555
0.0418498	False	74.5634453	28	4.354e-06	21175	0.1922464	0.0303	2.448e-06	63.8	chr7:7243492:D	4.045e-12	++++++??+?+?+-+++++-++++??+++++?+?-+	True	D	I	0.0267215	chr7:7243492:INDEL	7.065e-37	0.0115736	cg19473623	0.1853293	0.1225	0.0151541
0.0248688	False	27.3906666	17	1.321e-13	13665	0.1841311	0.0397	0.03734	41.6	chr7:7265998:D	4.342e-19	?++??+????+??++?++++??++???+?++???++	True	D	I	0.0203017	chr7:7265998:INDEL	8.117e-37	0.0026469	cg19473623	0.1812518	0.2315	0.0145269
0.0171199	False	46.103477	29	1.575e-14	22845	0.1315027	0.0304	0.017	39.3	rs10952042	4.823e-22	----?-??---?------------??-----+-?--	True	T	A	0.0140512	chr7:7192370:SNP	1.153e-36	0.0020618	cg19473623	0.1356218	0.2814	0.0103974
0.040373	False	71.8783062	28	2.17e-06	21175	0.1912422	0.0302	6.028e-06	62.4	chr7:7249869:D	1.719e-12	++++++??+?+?+++++++-++++??+++++?+?-+	True	D	I	0.0262761	chr7:7249869:INDEL	1.852e-36	0.0109385	cg19473623	0.1853928	0.1223	0.0151655
0.0150746	False	40.0553303	31	5.008e-21	24113	0.1418373	0.0151	0.1038	25.1	rs9886192	2.38e-26	++++++?++++?++++++++++++??+++++++?++	True	C	G	0.0136029	chr7:7185288:SNP	3.385e-36	0.0013466	cg19473623	0.1444757	0.2058	0.0112903
0.0168246	False	42.4379755	30	9.885e-18	23368	0.1442756	0.0141	0.05126	31.7	rs35356155	5.515e-24	++++++??+++?++++++++++++??+++++++?++	True	A	G	0.0146078	chr7:7185672:SNP	4.032e-36	0.0018703	cg19473623	0.1475416	0.2036	0.0114971
0.0368482	False	65.704769	28	2.913e-07	21175	0.1889946	0.0306	4.498e-05	58.9	chr7:7229136:D	4.567e-13	++++++??+?+?+-+++++-++++??+++++?+?-+	True	D	I	0.0250885	chr7:7229136:INDEL	9.423e-36	0.0094011	cg19473623	0.1815798	0.1231	0.015142
0.0290931	False	54.5862878	29	1.566e-10	21896	0.1861604	0.0209	0.001906	48.7	rs13229375	7.742e-17	++++++??+?+?+++++-++++++??+++++++?-+	True	T	C	0.022047	chr7:7221907:SNP	1.029e-35	0.0062505	cg19473623	0.1837639	0.1189	0.0149233
0.0408678	False	68.6293183	27	2.528e-06	20457	0.1923172	0.0289	1.048e-05	62.1	chr7:7256241:I	3.581e-12	----+-??-?-?-------+----??---?-?-?+-	True	I	D	0.026764	chr7:7256241:INDEL	1.999e-35	0.0108608	cg19473623	0.1860844	0.1219	0.0154826
0.0258347	False	60.1613092	30	3.048e-09	23367	0.1531735	0.033	0.0005897	51.8	rs76450081	1.99e-15	------??---?-------+----??-------?+-	True	G	A	0.0189645	chr7:7264082:SNP	9.077e-35	0.0050868	cg19473623	0.1506149	0.1726	0.0124533
0.0423918	False	74.3334923	27	1.71e-05	20716	0.1822757	0.0276	1.521e-06	65.0	chr7:7235287:I	2.321e-11	---?+-??-?-?-------+----??-----?-?+-	True	I	D	0.0265489	chr7:7235287:INDEL	9.875e-35	0.0112715	cg19473623	0.1774598	0.1303	0.0148276
0.0251567	False	61.1495306	31	1.678e-09	24140	0.1516007	0.0331	0.0006667	50.9	rs6944243	1.455e-15	------?----?---+---+----??-------?--	True	G	A	0.0186008	chr7:7268246:SNP	1.112e-34	0.0049841	cg19473623	0.1484478	0.1696	0.0123419
0.0323276	False	68.3189758	30	1.961e-07	23381	0.1681993	0.025	5.131e-05	57.6	rs10952047	1.559e-13	------??---?-------+----??-------?+-	True	C	T	0.0222746	chr7:7289543:SNP	1.536e-34	0.0077938	cg19473623	0.1644314	0.1357	0.0137224
0.0165782	False	31.0433941	31	4.078e-32	24144	0.195561	0.0097	0.4133	3.4	rs13245879	8.638e-33	------?----?------------??-------?--	True	G	T	0.0164174	chr7:7281805:SNP	2.867e-34	0.0002809	cg19473623	0.1957986	0.0904	0.0160209
0.0255595	False	62.5534586	31	4.832e-09	24156	0.1495961	0.0338	0.0004469	52.0	rs1047763	3.961e-15	++++++?++++?+++-+++-++++??+++++++?-+	True	A	G	0.0186745	chr7:7283569:SNP	2.963e-34	0.0051361	cg19473623	0.1467095	0.1725	0.0122581
0.0232235	False	56.6312016	31	1.034e-10	24135	0.1500664	0.0334	0.002309	47.0	rs58529061	1.327e-16	------?----?---+--------??-------?--	True	C	T	0.0178163	chr7:7276104:SNP	3.184e-34	0.0042322	cg19473623	0.1473601	0.1714	0.0123025
0.0254236	False	59.2688601	30	4.603e-09	23376	0.1490057	0.0336	0.0007609	51.1	rs1468520	7.496e-15	------??---?---+---+----??-------?--	True	G	A	0.0187957	chr7:7290732:SNP	4.619e-33	0.0049293	cg19473623	0.1461519	0.1739	0.0124397
0.0249516	False	46.7962624	31	5.277e-14	24147	0.187758	0.0194	0.02605	35.9	rs1432197	2.488e-18	------?----?-----+------??-------?+-	True	C	T	0.0210511	chr7:7206540:SNP	8.151e-32	0.0045199	cg19473623	0.1838315	0.091	0.0159959
0.0404071	False	66.9108268	30	3.98e-07	23376	-0.2048615	0.0173	7.927e-05	56.7	rs2270080	2.119e-13	++++++?++++?+-+++++++++-+???+++++?++	True	G	A	0.0280929	chr7:7317590:SNP	1.309e-31	0.0122093	cg19473623	-0.2062311	0.0790999999999999	0.017513
0.0440894	False	72.7442707	30	3.185e-06	23356	-0.20539	0.0173	1.266e-05	60.1	rs7357137	2.825e-12	++++++?++++?+-+++++++++-+???+++++?++	True	C	T	0.0293954	chr7:7320627:SNP	1.512e-31	0.0141915	cg19473623	-0.2053614	0.0784	0.0175765
0.0441506	False	72.8375761	30	3.309e-06	23356	-0.205328	0.0173	1.228e-05	60.2	rs7357234	2.967e-12	------?----?-+---------+-???-----?--	True	A	G	0.0294163	chr7:7320758:SNP	1.6e-31	0.0142246	cg19473623	-0.2053042	0.0784	0.0175784
0.0446596	False	73.725413	30	4.371e-06	23365	-0.2051185	0.0173	9.221e-06	60.7	rs17166019	5.219e-12	++++++?++++?+-+++++++++-+???+++++?++	True	G	C	0.0295742	chr7:7318467:SNP	1.682e-31	0.014494	cg19473623	-0.2040469	0.0785	0.0175669
0.0436464	False	71.9938516	30	2.596e-06	23356	-0.2051569	0.0174	1.61e-05	59.7	rs71533365	2.209e-12	------?----?-+---------+-???-----?--	True	C	G	0.0292534	chr7:7322093:SNP	1.835e-31	0.0139558	cg19473623	-0.2053772	0.0784	0.0175813
0.0247097	False	48.3843331	31	4.724e-13	24155	0.1787254	0.0168	0.01814	38.0	rs11773545	6.001e-18	++++++?+-++?+++++-++++++??+++++++?-+	True	A	G	0.0204782	chr7:7196878:SNP	1.913e-31	0.0045348	cg19473623	0.1767789	0.0995	0.0153209
0.0166725	False	43.5290494	31	1.121e-15	24125	0.1335929	0.0153	0.05259	31.1	rs9886002	1.679e-21	++++++?++++?++++++++++++??+++++++?++	True	T	C	0.0144861	chr7:7185339:SNP	3.029e-31	0.0018754	cg19473623	0.1379549	0.1963	0.0114906
0.0244872	False	47.9376729	31	4.014e-13	24134	0.177657	0.0171	0.02011	37.4	rs11974698	9.509e-18	------?----?-----+------??-------?+-	True	G	A	0.0203772	chr7:7220234:SNP	4.467e-31	0.0044262	cg19473623	0.174831	0.0996	0.0153244
0.0430544	False	70.9105929	30	2.253e-06	23343	-0.2036191	0.0171	2.274e-05	59.1	rs9886045	1.966e-12	------?----?-+---------+-???-----?--	True	C	G	0.029062	chr7:7316078:SNP	6.261e-31	0.0136438	cg19473623	-0.2045052	0.0786	0.0176078
0.0458018	False	75.4014269	30	8.94e-06	23343	-0.203421	0.0171	5.342e-06	61.5	rs10487593	1.218e-11	++++++?++++?+-+++++++++-+???+++++?++	True	T	A	0.0299794	chr7:7315899:SNP	7.583e-31	0.0151198	cg19473623	-0.2032014	0.0785	0.0176157
0.0242488	False	47.4721074	31	3.712e-13	24141	0.1761834	0.0172	0.02237	36.8	rs11765714	7.911e-18	++++-+?++++?+++++-++++++??+++++++?-+	True	T	G	0.0202796	chr7:7203163:SNP	1.363e-30	0.0043115	cg19473623	0.1744222	0.0991	0.015324
0.047741	False	73.7687506	29	1.291e-05	22865	-0.2082311	0.016	5.445e-06	62.0	rs10234030	1.37e-11	------?----?-+---------+????-----?--	True	T	C	0.0310998	chr7:7327422:SNP	1.459e-30	0.0158196	cg19473623	-0.2102666	0.075	0.0181208
0.024147	False	47.3677198	31	4.107e-13	24149	0.1751144	0.017	0.0229	36.7	rs1432199	8.317e-18	++++-+?++++?+++++-++++++??+++++++?-+	True	A	G	0.0202208	chr7:7206131:SNP	2.342e-30	0.0042694	cg19473623	0.1738003	0.0995	0.0152934
0.0492165	False	75.8331479	29	2.493e-05	22852	-0.2074698	0.0156	2.74e-06	63.1	rs13236920	3.582e-11	++++++?++++?+-+++++++++-????+++++?++	True	T	A	0.0316269	chr7:7325534:SNP	3.446e-30	0.0166298	cg19473623	-0.2093826	0.0747	0.0181723
0.0126679	False	16.4875235	17	2.168e-28	13668	0.1399922	0.0381	0.4195	3.0	chr7:7256609:D	1.121e-28	?++??+????+??-+?++++??++???+?++???++	True	D	I	0.0125883	chr7:7256609:INDEL	4.815e-30	8.12e-05	cg19473623	0.1398568	0.4182	0.0122933
0.0452993	False	71.6639005	29	9.218e-06	22865	-0.2008904	0.0181	1.086e-05	60.9	rs12056307	1.748e-11	------?----?-+---------+????-----?--	True	T	C	0.0299545	chr7:7320078:SNP	7.384e-30	0.0143904	cg19473623	-0.2014642	0.079	0.017699
0.0328758	False	61.6461984	28	7.056e-07	21174	0.1630582	0.0261	0.0001598	56.2	chr7:7291508:I	3.327e-12	------??-?-?-------+----??-----?-?+-	True	I	D	0.0230497	chr7:7291508:INDEL	9.956e-30	0.0075982	cg19473623	0.1604986	0.1364	0.0143991
0.0494531	False	76.5338078	29	3.542e-05	22870	-0.2045129	0.0163	2.166e-06	63.4	rs11981351	7.256e-11	++++++?++++?+-+++++++++-????+++++?++	True	C	T	0.0316143	chr7:7331715:SNP	1.257e-29	0.0167223	cg19473623	-0.2059752	0.0753	0.0180925
0.0146705	False	47.9238153	32	1.02e-12	24620	0.1045674	0.0327	0.02676	35.3	rs7780273	1.991e-17	+-----?----?-+-----------?-------?--	True	C	A	0.0123682	chr7:7250449:SNP	3.097e-28	0.0015968	cg19473623	0.1050595	0.3504	0.0094898
0.0238811	False	44.5394368	30	9.491e-13	23433	0.170456	0.0172	0.0326	34.9	rs11770958	1.112e-16	++++++?++++?+++++-++++++??+++?+++?-+	True	A	T	0.0202878	chr7:7207050:SNP	5.795e-28	0.0039571	cg19473623	0.168229	0.1001	0.0155492
0.0147241	False	46.069751	31	1.18e-12	24132	0.1046544	0.0334	0.0306	34.9	rs4724958	4.21e-17	+-----?----?-+----------??-------?--	True	G	A	0.0124613	chr7:7226553:SNP	9.775e-28	0.0015504	cg19473623	0.1047611	0.3496	0.0095881
0.0565508	False	72.7935331	26	0.0001787	19902	-0.2119175	0.0162	1.468e-06	65.7	chr7:7326073:D	1.83e-09	------??-?-?-+---------+????---?-?--	True	D	I	0.0351835	chr7:7326073:INDEL	1.017e-27	0.0191266	cg19473623	-0.2115307	0.0756	0.0194216
0.0498834	False	76.1630759	29	6.466e-05	22858	-0.1992896	0.0177	2.453e-06	63.2	rs35248190	4.707e-10	------?----?-+---------+????-----?--	True	T	C	0.0320283	chr7:7335120:SNP	1.653e-27	0.0170567	cg19473623	-0.1994912	0.0735	0.0183387
0.0142344	False	44.5195616	31	3.716e-13	24114	0.10342	0.0333	0.04276	32.6	rs4720726	2.272e-17	-+++++?++++?+-++++++++++??+++++++?++	True	A	G	0.0122351	chr7:7225451:SNP	4.191e-27	0.0014019	cg19473623	0.1037412	0.3496	0.009592
0.0140664	False	43.6955771	31	1.368e-13	24139	0.1040832	0.0348	0.05081	31.3	rs4724960	2.42e-17	------?----?-+----------??-------?--	True	G	A	0.0121896	chr7:7241299:SNP	4.402e-27	0.0013402	cg19473623	0.1032661	0.3413	0.0096575
0.0282587	False	55.633274	27	5.077e-07	20877	0.1419539	0.0352	0.0006292	53.3	rs10245376	2.233e-11	++++++??+++?++?-+++-+++???+++?+++?-+	True	T	G	0.0205146	chr7:7272368:SNP	6.009e-27	0.0054801	cg19473623	0.1372409	0.1731	0.0132066
0.046532	False	71.1531203	29	2.749e-05	22861	-0.1951248	0.0175	1.282e-05	60.6	rs17166192	3.485e-10	++++++?++++?+-+++++++++-????+++++?++	True	C	T	0.03093	chr7:7335781:SNP	1.634e-26	0.0152364	cg19473623	-0.1941017	0.0737	0.0183112
0.0494132	False	76.4605728	29	0.0001168	22883	-0.1903801	0.0172	2.22e-06	63.4	rs10273515	2.069e-09	++++++?++++?+-+++++++++-????+++++?++	True	C	T	0.0316529	chr7:7332580:SNP	6.912e-26	0.0167112	cg19473623	-0.189674	0.0760999999999999	0.0180952
0.047983	False	67.8416425	28	3.905e-05	22117	-0.1973542	0.0178	2.267e-05	60.2	rs34575984	5.358e-10	+-----??---?-+---------+????-----?--	True	A	G	0.0322566	chr7:7344270:SNP	4.917e-25	0.0157358	cg19473623	-0.2002564	0.0705	0.0190965
0.0385306	False	33.8511415	17	1.3e-06	13668	0.1864814	0.0321	0.005689	52.7	chr7:7228222:D	4.086e-10	?++??+????+??++?++++??++???+?++???-+	True	D	I	0.028583	chr7:7228222:INDEL	1.318e-24	0.0065484	cg19473623	0.1786636	0.1334	0.0182118
0.0403446	False	35.444078	17	4e-06	13668	0.1860449	0.0322	0.003454	54.9	chr7:7239227:D	1.034e-09	?++??+????+??++?++++??++???+?++???-+	True	D	I	0.0292529	chr7:7239227:INDEL	1.692e-24	0.0071331	cg19473623	0.1785596	0.1334	0.0182122
0.042012	False	35.5243148	17	4.933e-06	13666	0.1918949	0.0303	0.003367	55.0	chr7:7227051:I	3.844e-09	?--??-????-??+-?---+??--???-?--???--	True	I	D	0.0305254	chr7:7227051:INDEL	3.621e-24	0.007743	cg19473623	0.1798186	0.1228	0.018922
0.0185937	False	29.5420843	32	7.73e-24	24630	0.1871831	0.0078	0.541	0.0	rs11981957	7.73e-24	------?----?-------------?-------?--	True	G	A	0.0185937	chr7:7232862:SNP	7.73e-24	0.0	cg19473623	0.1871831	0.0644	0.0185937
0.0309422	False	29.7225053	17	2.103e-07	13668	0.1605886	0.0444	0.0195	46.2	chr7:7267350:D	4.644e-10	?++??+????+??++?+++-??++???+?++???++	True	D	I	0.0244304	chr7:7267350:INDEL	5.357e-22	0.0042055	cg19473623	0.1522186	0.1681	0.0166566
0.0438593	False	34.1170626	16	2.274e-05	12950	0.185793	0.0366	0.003279	56.0	chr7:7235657:I	4.524e-08	?--??-????-??+-?---+??--???-??-???+-	True	I	D	0.0316554	chr7:7235657:INDEL	5.693e-22	0.0079465	cg19473623	0.1731258	0.1279	0.0192833
0.0444471	False	34.6725064	16	4.203e-05	12949	0.1820572	0.034	0.002737	56.7	chr7:7246386:I	1.148e-07	?--??-????-??+-?---+??--???-??-???+-	True	I	D	0.0318165	chr7:7246386:INDEL	2.852e-21	0.0081286	cg19473623	0.1686763	0.1276	0.0192287
0.0381749	False	48.3345109	29	5.238e-08	22864	0.207787	0.0166	0.009861	42.1	rs61744815	3.854e-12	++++?+??+++?+++++++-++++??+++++++?-+	True	A	T	0.0309226	chr7:7278447:SNP	5.671e-21	0.0105179	cg19473623	0.2146775	0.0526	0.0221146
0.0411191	False	32.0300918	16	1.226e-05	12998	0.1798081	0.0317	0.006378	53.2	chr7:7226885:I	8.884e-08	?--??-????-??+-?---+??--?????--???+-	True	I	D	0.030527	chr7:7226885:INDEL	9.86e-21	0.0070394	cg19473623	0.1632642	0.1258	0.0192565
0.0121601	False	39.1581123	31	2.02e-12	24110	-0.0855235	0.0281	0.1222	23.4	rs10279376	8.927e-15	+-----?----?---+--------??+------?--	True	T	C	0.0110672	chr7:7233913:SNP	4.306e-20	0.0008347	cg19473623	-0.0858119	0.3937	0.0093162
0.0120948	False	38.9433198	31	1.974e-12	24116	-0.0851029	0.0276	0.127	23.0	rs10281784	8.809e-15	-+++++?++++?+++-++++++++??-++++++?++	True	G	C	0.0110339	chr7:7232260:SNP	6.604e-20	0.0008153	cg19473623	-0.0855715	0.3934	0.0093172
0.0121041	False	38.9755893	31	2.11e-12	24116	-0.0850556	0.0281	0.1263	23.0	rs6463652	9.796e-15	-+++++?++++?+++-++++++++??-++++++?++	True	C	T	0.0110381	chr7:7231765:SNP	6.89e-20	0.0008182	cg19473623	-0.0854556	0.3939	0.0093167
0.0160429	False	49.8922935	30	1.235e-07	23357	0.084838	0.0336	0.009276	41.9	rs7808731	1.02e-11	+-----??---?------------??-----+-?--	True	C	T	0.0129069	chr7:7318669:SNP	9.205e-20	0.001911	cg19473623	0.0878132	0.4449	0.009325
0.0322285	False	52.8621187	31	2.529e-07	24133	0.1661559	0.0203	0.00614	43.2	rs12539689	8.497e-10	------?-+--?-+-+--+-----??-------?+-	True	G	C	0.0256951	chr7:7302487:SNP	1.042e-19	0.0080487	cg19473623	0.1576483	0.0686	0.0182902
0.0155866	False	50.5165882	31	7.633e-08	24128	0.0837872	0.0302	0.01095	40.6	rs1796121	8.392e-12	+-----?----?-+-----+----??-----+-?--	True	G	C	0.0126509	chr7:7317605:SNP	1.405e-19	0.0018456	cg19473623	0.0864274	0.4058	0.0092563
0.0150817	False	50.7430422	32	4.671e-08	24649	0.0823971	0.0293	0.0141	38.9	rs722037	8.032e-12	+-+---?----?-+-----+-----?-----+-?+-	True	G	A	0.0124002	chr7:7316391:SNP	3.791e-19	0.0017568	cg19473623	0.0847921	0.3977	0.0092137
0.0305634	False	50.0027114	31	1.203e-07	24155	0.1617731	0.0202	0.01239	40.0	rs10280773	1.042e-09	++++++?+-++?+-+-++-+++++??+++++++?-+	True	T	C	0.0250375	chr7:7304142:SNP	1.122e-18	0.0070789	cg19473623	0.1527991	0.0682	0.018337
0.0154803	False	47.6509743	30	8.118e-08	23362	0.083044	0.03	0.01597	39.1	rs1796113	1.454e-11	+-+---??---?-------+----??-------?--	True	G	C	0.0127319	chr7:7325803:SNP	1.201e-18	0.0017417	cg19473623	0.0859712	0.4072	0.0094212
0.0153196	False	49.3669881	31	9.076e-08	24146	0.0818726	0.0284	0.01442	39.2	rs1638211	2.258e-11	-+++++?++++?+-+++++-++++??+++++++?-+	True	T	G	0.0125721	chr7:7317350:SNP	1.438e-18	0.0017622	cg19473623	0.0840857	0.3974	0.0093096
0.0153254	False	49.3873419	31	9.231e-08	24148	0.0818566	0.0284	0.01435	39.3	rs1638212	2.3e-11	+-----?----?-+-----+----??-------?+-	True	C	T	0.0125746	chr7:7317277:SNP	1.456e-18	0.0017639	cg19473623	0.084068	0.3975	0.0093093
0.0152254	False	49.0631383	31	7.649e-08	24156	0.0818399	0.0284	0.01549	38.9	rs1638214	1.891e-11	+-----?----?-+-----+----??-------?+-	True	G	T	0.0125317	chr7:7316977:SNP	1.484e-18	0.0017346	cg19473623	0.0841401	0.3973	0.0093097
0.015261	False	49.1893212	31	8.91e-08	24153	0.081611	0.0283	0.01503	39.0	rs1638213	2.333e-11	-+++++?++++?+-+++++-++++??+++++++?-+	True	C	G	0.0125449	chr7:7317215:SNP	1.814e-18	0.0017452	cg19473623	0.083844	0.3979	0.0093075
0.01504	False	48.4756379	31	6.418e-08	24132	0.0813173	0.0289	0.01776	38.1	rs7804546	2.108e-11	+-----?----?-+-----+----??-----+-?+-	True	C	T	0.0124466	chr7:7318310:SNP	2.404e-18	0.0016803	cg19473623	0.0833714	0.397	0.0093077
0.0150835	False	48.6173553	31	7.238e-08	24133	0.0812268	0.0288	0.01719	38.3	rs7781147	2.381e-11	-+++++?++++?+-+++++-++++??+++++-+?-+	True	T	G	0.0124656	chr7:7318265:SNP	2.614e-18	0.0016931	cg19473623	0.0832763	0.397	0.0093075
0.011057	False	35.4949601	31	2.426e-13	24128	-0.0809698	0.0278	0.2251	15.5	rs7788032	9.944e-15	-+++++?++++?+++-++++++++??-++++++?++	True	G	A	0.0104668	chr7:7243446:SNP	4.546e-18	0.0005039	cg19473623	-0.0810129	0.3869	0.0093453
0.0145412	False	46.9407294	31	3.306e-08	24123	0.0803315	0.0278	0.02522	36.1	rs7808744	1.802e-11	-+++++?++++?+-+++++-++++??+++++-+?-+	True	A	T	0.0122084	chr7:7318707:SNP	5.428e-18	0.0015356	cg19473623	0.0820556	0.4032	0.0092933
0.0109765	False	35.2127595	31	1.784e-13	24114	-0.0808314	0.0278	0.235	14.8	rs10952045	8.867e-15	+-----?----?---+--------??+------?--	True	A	G	0.0104236	chr7:7230388:SNP	5.446e-18	0.0004787	cg19473623	-0.0808301	0.3866	0.0093516
0.0149831	False	41.1265987	32	9.038e-11	24608	-0.097124	0.0289	0.1055	24.6	rs13234717	2.256e-13	------?----?-+-----------?-----+-?++	True	A	G	0.013549	chr7:7258626:SNP	7.989e-18	0.0013545	cg19473623	-0.0993505	0.2041	0.0112938
0.0150795	False	41.4107225	32	1.225e-10	24605	-0.0970557	0.0289	0.1002	25.1	rs13222351	2.766e-13	++++++?++++?+-+++++++++++?+++++-+?--	True	G	A	0.0135962	chr7:7258622:SNP	8.131e-18	0.0013912	cg19473623	-0.099324	0.2045	0.0112885
0.0149607	False	41.0852247	32	1.019e-10	24608	-0.096707	0.0291	0.1063	24.5	rs62450007	2.524e-13	++++++?++++?+-+++++++++++?+++++-+?--	True	G	A	0.0135337	chr7:7258818:SNP	1.062e-17	0.0013476	cg19473623	-0.0990342	0.2044	0.0112883
0.034152	False	33.3825554	17	4.609e-05	13665	0.1391556	0.0313	0.006574	52.1	chr7:7298947:D	2.585e-07	?++??+????+??++?++--??++???+?++???-+	True	D	I	0.025499	chr7:7298947:INDEL	1.875e-17	0.0051354	cg19473623	0.1313561	0.1684	0.0163688
0.0108152	False	36.3004918	32	4.178e-13	24617	-0.0784063	0.0283	0.2352	14.6	rs10257662	2.319e-14	-+++++?++++?+++-+++++++++?-++++++?++	True	G	A	0.0102785	chr7:7251226:SNP	2.08e-17	0.0004741	cg19473623	-0.0784408	0.391	0.009236
0.0136932	False	39.2551964	29	1.579e-09	21895	-0.0826535	0.0286	0.0769	28.7	rs10253167	5.387e-12	-+++++??+?+?+++-++++++++??-++++++?++	True	C	T	0.0121145	chr7:7232285:SNP	2.619e-17	0.001133	cg19473623	-0.0835293	0.3962	0.0097671
0.0157748	False	43.280347	32	1.391e-09	24634	-0.0955406	0.0278	0.07031	28.4	rs11972106	2.142e-12	------?----?-+-----------?-----+-?++	True	T	G	0.0139567	chr7:7268856:SNP	2.773e-17	0.0016443	cg19473623	-0.0980444	0.204	0.0112989
0.0148066	False	41.1569671	32	3.224e-10	24647	-0.0930979	0.0268	0.105	24.7	rs10225975	1.058e-12	------?----?-+-----------?-----+-?++	True	T	G	0.0133838	chr7:7262523:SNP	6.96e-17	0.0013248	cg19473623	-0.0953298	0.2098	0.0111525
0.0145893	False	40.5647409	32	1.806e-10	24647	-0.0930358	0.0269	0.1168	23.6	rs10256877	6.741e-13	++++++?++++?+-+++++++++++?+++++-+?--	True	G	C	0.0132679	chr7:7263039:SNP	7.149e-17	0.0012468	cg19473623	-0.0953241	0.21	0.0111493
0.0151662	False	42.1990663	32	9.544e-10	24649	-0.0927696	0.027	0.08652	26.5	rs10272173	2.443e-12	++++++?++++?+-+++++++++++?+++++-+?--	True	G	A	0.0135613	chr7:7263117:SNP	8.317e-17	0.0014577	cg19473623	-0.0950182	0.2101	0.0111413
0.0142977	False	17.9652849	17	1.245e-13	13668	0.1059727	0.0406	0.3259	10.9	chr7:7245852:I	4.333e-14	?--??-????-??+-?----??--???-?--???--	True	I	D	0.0138766	chr7:7245852:INDEL	8.63e-17	0.0003509	cg19473623	0.1047762	0.3531	0.0127336
0.0150221	False	41.6165807	32	7.779e-10	24639	-0.0923765	0.0258	0.09647	25.5	rs10277583	2.495e-12	------?----?-+-----------?-----+-?++	True	A	T	0.0135143	chr7:7268519:SNP	1.515e-16	0.001394	cg19473623	-0.0946484	0.2082	0.0111899
0.0159375	False	51.1875605	31	1.446e-06	24129	0.0767965	0.0282	0.009305	41.4	rs1638204	8.336e-10	-+++++?++++?+-+++++-++++??+++++++?++	True	T	C	0.012857	chr7:7314884:SNP	2.006e-16	0.0019408	cg19473623	0.0789212	0.3933	0.0093407
0.0159853	False	51.353486	31	1.679e-06	24131	0.0765486	0.0282	0.008934	41.6	rs1638203	1.003e-09	-+++++?++++?+-+++++-++++??+++++++?++	True	C	G	0.0128754	chr7:7315026:SNP	2.461e-16	0.001955	cg19473623	0.0786555	0.3934	0.0093384
0.0161678	False	42.3075793	31	6.305e-09	24139	-0.0939101	0.0282	0.06734	29.1	rs10487590	1.661e-11	------?----?-+----------??-----+-?++	True	T	G	0.0142602	chr7:7277263:SNP	2.582e-16	0.0016999	cg19473623	-0.0960152	0.2023	0.0114645
0.0162502	False	52.2574156	31	2.614e-06	24136	0.0763599	0.0283	0.007144	42.6	rs12532482	1.363e-09	-+++++?++++?+-+++++-++++??+++++++?++	True	A	G	0.0129797	chr7:7315407:SNP	2.717e-16	0.0020336	cg19473623	0.0786544	0.3937	0.009329
0.01631	False	52.4527435	31	2.943e-06	24136	0.0762449	0.0283	0.006804	42.8	rs1638199	1.557e-09	-+-+++?++++?+-+++++-++++??+++++++?++	True	A	G	0.013004	chr7:7315451:SNP	2.997e-16	0.0020512	cg19473623	0.0785222	0.3938	0.0093284
0.01631	False	52.4527435	31	2.943e-06	24136	0.0762449	0.0283	0.006804	42.8	rs1796116	1.557e-09	-+-+++?++++?+-+++++-++++??+++++++?++	True	C	G	0.013004	chr7:7315460:SNP	2.997e-16	0.0020512	cg19473623	0.0785222	0.3938	0.0093284
0.014392	False	39.8604302	32	2.122e-10	24639	-0.0914211	0.026	0.1322	22.2	rs17251749	1.369e-12	++++++?++++?+-+++++++++++?+++++-+?--	True	G	C	0.0131852	chr7:7269078:SNP	3.14e-16	0.0011641	cg19473623	-0.0934451	0.2082	0.0111929
0.0161825	False	52.0221608	31	2.56e-06	24138	0.0761107	0.0282	0.007575	42.3	rs1796118	1.394e-09	-+-+++?++++?+-+++++-++++??+++++++?++	True	T	C	0.0129532	chr7:7315733:SNP	3.468e-16	0.0020134	cg19473623	0.0784469	0.3937	0.0093321
0.016203	False	52.0817	31	2.867e-06	24136	0.075832	0.0283	0.007464	42.4	rs1796115	1.717e-09	+-----?----?-+-----+----??-------?--	True	C	T	0.0129626	chr7:7315326:SNP	4.475e-16	0.0020194	cg19473623	0.0780678	0.3934	0.0093332
0.0158352	False	50.8409354	31	1.684e-06	24125	0.0758203	0.0279	0.01013	41.0	rs1621819	1.232e-09	+-----?----?-+-----+----??-------?--	True	G	A	0.0128157	chr7:7314331:SNP	4.885e-16	0.0019104	cg19473623	0.0778683	0.3932	0.009344
0.0171648	False	52.5258774	30	7.82e-06	23370	0.0767277	0.0285	0.00476	44.8	rs1638200	4.124e-09	+-----??---?-+-----+----??-------?--	True	G	A	0.0134809	chr7:7315333:SNP	5.664e-16	0.0022229	cg19473623	0.0792564	0.3938	0.0094769
0.0124512	False	40.6400428	31	3.411e-09	24115	-0.0735926	0.0261	0.09305	26.2	rs1469620	1.974e-11	++++-+?++++?+++-+-++++++??+++++++?++	True	G	A	0.0111427	chr7:7198994:SNP	1.178e-15	0.0009435	cg19473623	-0.0747447	0.4404	0.0091913
0.0125506	False	40.8796281	31	4.247e-09	24133	-0.0737252	0.0263	0.08892	26.6	rs1432198	2.514e-11	++++-+?++++?+++-+-++++++??+++++++?++	True	C	A	0.011204	chr7:7206468:SNP	1.199e-15	0.0009688	cg19473623	-0.0747591	0.4319	0.0092104
0.0137197	False	32.2862966	29	4.897e-12	22911	-0.0947829	0.0256	0.263	13.3	rs34971257	2.524e-13	++++++?++++?+-++-+++++++??++?++?+?--	True	G	A	0.0131224	chr7:7229216:SNP	1.638e-15	0.0006394	cg19473623	-0.0960251	0.193	0.0118983
0.0173112	False	37.0594378	27	2.443e-08	20714	-0.0965498	0.0285	0.07384	29.8	chr7:7261107:D	6.304e-11	---?--??-?-?-+----------??-----?-?++	True	D	I	0.0152478	chr7:7261107:INDEL	1.87e-15	0.0017296	cg19473623	-0.0996649	0.2106	0.0121451
0.010353	False	33.0171139	31	1.451e-12	24154	-0.0732897	0.0265	0.3218	9.1	rs10279432	4.734e-13	-+++++?++++?+++-++++++++??-++++++?++	True	C	A	0.0100623	chr7:7279010:SNP	6.648e-15	0.0002804	cg19473623	-0.0727778	0.3784	0.009407
0.0147817	False	37.9570183	31	9.4e-10	24149	-0.0904531	0.0266	0.1509	21.0	rs34386799	1.908e-11	------?----?-+----------??-----+-?++	True	A	G	0.0136373	chr7:7254402:SNP	9.762e-15	0.0011407	cg19473623	-0.0915458	0.1889	0.0116829
0.0097009	False	24.0811416	30	2.211e-14	23376	-0.0740924	0.0263	0.7249	0.0	rs2024122	2.211e-14	+-----??---?---+--------??-------?--	True	A	G	0.0097009	chr7:7261751:SNP	2.211e-14	0.0	cg19473623	-0.0740924	0.3581	0.0097009
0.0136099	False	35.2052328	31	9.931e-11	24143	-0.0880286	0.0253	0.2352	14.8	rs10447684	5.568e-12	------?----?-+--+-------??-----+-?++	True	T	C	0.0129252	chr7:7247949:SNP	3.193e-14	0.0007351	cg19473623	-0.0890586	0.1929	0.0115976
0.0149768	False	40.0823667	32	4.685e-09	24598	-0.0877339	0.024	0.1272	22.7	rs2163639	8.254e-11	--+---?----?-+-----------?-----+-?++	True	T	C	0.0136843	chr7:7195947:SNP	3.611e-14	0.0012776	cg19473623	-0.0888915	0.1886	0.0115831
0.010044	False	30.6039744	31	1.146e-13	24153	0.074556	0.0243	0.4351	2.0	rs10486156	8.654e-14	-+++++?++++?++++++++++++??-++++--?-+	True	T	C	0.0099952	chr7:7348633:SNP	3.665e-14	6.15e-05	cg19473623	0.0745641	0.3172	0.0098458
0.0144804	False	37.103143	31	1.3e-09	24115	-0.087858	0.0235	0.1742	19.1	rs62453512	4.72e-11	------?----?-+----------??-----+-?++	True	A	T	0.0134826	chr7:7210244:SNP	6.193e-14	0.0010227	cg19473623	-0.0887093	0.188	0.0117082
0.0106958	False	34.2191411	31	4.803e-11	24141	-0.0703452	0.0271	0.2722	12.3	rs4141100	1.135e-11	-+++++?++++?+++-++++++++??-++++++?++	True	G	A	0.0102664	chr7:7276954:SNP	6.29e-14	0.0003896	cg19473623	-0.0696905	0.3862	0.009377
0.0148029	False	39.6425287	32	4.553e-09	24635	-0.0867853	0.0244	0.1373	21.8	rs58843310	9.8e-11	--+---?----?-+-----------?-----+-?++	True	C	G	0.0135866	chr7:7196486:SNP	6.52e-14	0.0012141	cg19473623	-0.0879056	0.1889	0.0115757
0.015002	False	40.1755907	32	7.366e-09	24634	-0.0867467	0.0244	0.1251	22.8	rs62453504	1.353e-10	++-+++?++++?+-+++++++++++?+++++-+?--	True	T	A	0.0136934	chr7:7197263:SNP	6.688e-14	0.001289	cg19473623	-0.0879264	0.1888	0.0115757
0.0148016	False	39.6248845	32	4.625e-09	24630	-0.086739	0.0242	0.1377	21.8	rs17309555	9.926e-11	++-+++?++++?+-+++++++++++?+++++-+?--	True	G	C	0.0135886	chr7:7197543:SNP	6.859e-14	0.0012125	cg19473623	-0.0878919	0.1887	0.0115798
0.0094451	False	27.8797728	31	7.478e-14	24113	-0.0706415	0.0303	0.5768	0.0	rs5010183	7.478e-14	++++++?++++?+++-++++++++??-++++++?++	True	C	T	0.0094451	chr7:7286198:SNP	7.478e-14	0.0	cg19473623	-0.0706415	0.3742	0.0094451
0.0148559	False	39.764985	32	6.839e-09	24629	-0.0860876	0.0242	0.1344	22.0	rs62453506	1.486e-10	++-+++?++++?+-+++++++++++?+++++-+?--	True	G	A	0.0136187	chr7:7198207:SNP	1.059e-13	0.0012325	cg19473623	-0.0872521	0.1887	0.0115814
0.0148496	False	39.7459768	32	6.995e-09	24623	-0.0859946	0.0243	0.1349	22.0	rs62453505	1.558e-10	--+---?----?-+-----------?-----+-?++	True	A	T	0.0136159	chr7:7198034:SNP	1.129e-13	0.00123	cg19473623	-0.0871366	0.1887	0.011582
0.013007	False	40.0911679	30	8.527e-08	23330	0.0696605	0.0263	0.08246	27.7	rs13244913	3.591e-09	------??---?---+-+-+----??-------?--	True	C	T	0.0115505	chr7:7264089:SNP	1.323e-13	0.0010327	cg19473623	0.0681712	0.4354	0.0094086
0.0144576	False	42.4366517	32	6.91e-08	24649	-0.0779768	0.0273	0.08272	26.9	rs6960962	4.975e-10	++++++?++++?+-+++++++++++?+++++-+?--	True	G	A	0.0128775	chr7:7258339:SNP	1.544e-13	0.001337	cg19473623	-0.0800969	0.2432	0.0105613
0.0114813	False	36.7251727	31	1.671e-09	24138	-0.0691965	0.0272	0.1853	18.3	rs3807862	1.851e-10	-+++++?++++?+++-+-++++++??-++++++?++	True	G	A	0.0107274	chr7:7277807:SNP	1.607e-13	0.0006212	cg19473623	-0.0683684	0.3863	0.0093788
0.0145594	False	37.2955461	31	3.436e-09	24145	-0.0860357	0.0238	0.1687	19.6	rs62453513	1.293e-10	++++++?++++?+-++++++++++??+++++-+?--	True	C	T	0.0135277	chr7:7210638:SNP	2.037e-13	0.0010509	cg19473623	-0.0869556	0.1879	0.0117113
0.0143031	False	47.4034632	31	3.382e-06	24151	0.0664538	0.0242	0.02272	36.7	rs1638216	3.413e-08	++++-+?++++?+-+++++-+++-??+++++++?++	True	A	G	0.011948	chr7:7316101:SNP	2.114e-13	0.0014969	cg19473623	0.0659389	0.5006	0.0090519
0.011591	False	32.9520862	29	4.595e-10	21892	-0.072239	0.028	0.2375	15.0	rs6979606	7.146e-11	-+++++??+?+?+++-++++++++??-++++++?++	True	C	T	0.011017	chr7:7258503:SNP	2.224e-13	0.0005069	cg19473623	-0.0718039	0.3869	0.009849
0.0146993	False	37.6483099	31	5.317e-09	24145	-0.0857987	0.0238	0.159	20.3	rs62453511	1.867e-10	++++++?++++?+-++++++++++??+++++-+?--	True	G	A	0.0136056	chr7:7210121:SNP	2.389e-13	0.0011021	cg19473623	-0.0866936	0.1878	0.0117131
0.0146703	False	37.5758777	31	5.312e-09	24146	-0.0856319	0.0238	0.1609	20.2	rs62453510	1.929e-10	++++++?++++?+-++++++++++??+++++-+?--	True	G	C	0.0135894	chr7:7207320:SNP	2.649e-13	0.0010915	cg19473623	-0.0865217	0.1878	0.0117125
0.0236881	False	51.4536138	29	7.112e-05	22846	-0.0941012	0.0243	0.004432	45.6	rs12540657	8.247e-08	-++++-?++++?+-+++++-++++????+++++?++	True	C	T	0.0184012	chr7:7339978:SNP	2.878e-13	0.004101	cg19473623	-0.0986609	0.1562	0.0128906
0.014147	False	36.1817012	31	1.45e-09	24123	-0.085587	0.0241	0.2022	17.1	rs58312319	8.018e-11	------?----?-+----------??-----+-?++	True	A	G	0.0133021	chr7:7217785:SNP	2.955e-13	0.0008933	cg19473623	-0.0864671	0.1874	0.01173
0.0116612	False	39.5958987	32	1.317e-08	24649	0.0662806	0.0275	0.1384	21.7	rs10259085	1.515e-09	++++++?++++?+++-+++-++++-?+++++++?++	True	T	C	0.0106916	chr7:7268431:SNP	3.873e-13	0.0007508	cg19473623	0.0646069	0.4369	0.0091297
0.0119357	False	40.5267082	32	2.948e-08	24631	0.0661773	0.0271	0.1176	23.5	rs7787942	2.383e-09	------?----?---+-+-+-----?-------?--	True	T	A	0.0108385	chr7:7270012:SNP	4.217e-13	0.0008322	cg19473623	0.0646978	0.4369	0.0091299
0.0119357	False	40.5267082	32	2.948e-08	24631	0.0661773	0.0271	0.1176	23.5	rs7791957	2.383e-09	------?----?---+-+-+-----?-------?--	True	C	T	0.0108385	chr7:7270034:SNP	4.217e-13	0.0008322	cg19473623	0.0646978	0.4369	0.0091299
0.0119639	False	40.5240987	32	3.033e-08	24633	0.0662742	0.0279	0.1176	23.5	rs2108783	2.696e-09	++++++?++++?+++-+-+-++++-?+++++++?++	True	T	G	0.0108621	chr7:7266867:SNP	4.44e-13	0.0008359	cg19473623	0.0646193	0.4332	0.0091521
0.0147722	False	48.9577225	31	9.599e-06	24154	0.0653818	0.0239	0.01587	38.7	rs1796117	7.952e-08	-+++-+?++++?+-+++++-+++-??+++++++?++	True	A	G	0.0121541	chr7:7315712:SNP	5.089e-13	0.0016305	cg19473623	0.0652457	0.4995	0.009052
0.0246859	False	53.3833311	29	0.0001563	22851	-0.0933342	0.0245	0.002647	47.5	rs36005150	2.232e-07	-++++-?++++?+-+++++-+++-????+++++?++	True	G	A	0.0188321	chr7:7340664:SNP	5.661e-13	0.0044772	cg19473623	-0.0975294	0.1555	0.012948
0.0122693	False	41.5457492	32	8.79e-08	24642	0.0656419	0.0274	0.09774	25.4	rs6960832	6.352e-09	+++++-?++++?+++-++--++++-?++-++++?++	True	T	G	0.0110227	chr7:7267787:SNP	7.492e-13	0.0009262	cg19473623	0.064011	0.4306	0.0091549
0.0126602	False	39.0089322	30	1.041e-07	23373	0.0673445	0.0271	0.1015	25.7	rs12702595	6.832e-09	++++++??+++?+++-+-+-++++??+++++++?++	True	A	C	0.0113778	chr7:7259270:SNP	8.349e-13	0.0009326	cg19473623	0.0659345	0.4319	0.0094118
0.0221595	False	47.8175122	29	3.028e-05	22857	-0.0924348	0.0231	0.01121	41.4	rs6463675	4.277e-08	-+++++?++++?+-+++++-+++-????+++++?++	True	G	A	0.0178413	chr7:7338384:SNP	1.051e-12	0.0035126	cg19473623	-0.0977527	0.154	0.0129757
0.0138643	False	40.8107885	32	7.487e-08	24626	-0.0745772	0.0247	0.1118	24.0	rs10278474	1.079e-09	++++++?++++?+-+++++++++++?+++++-+?--	True	T	A	0.0125598	chr7:7269423:SNP	1.427e-12	0.0011405	cg19473623	-0.0765798	0.2449	0.0105314
0.0165122	False	36.1659724	28	1.292e-07	20988	-0.0871841	0.024	0.1117	25.3	rs62453487	2.456e-09	------??-?-?-+-----?----??-----+-?++	True	A	G	0.0149471	chr7:7181865:SNP	1.522e-12	0.0014746	cg19473623	-0.0891494	0.1931	0.0123273
0.0130626	False	37.1336062	29	9.734e-08	21895	0.0696447	0.0285	0.1159	24.6	rs9648104	1.961e-09	+-+---??-?-?------------??-------?--	True	G	A	0.0118382	chr7:7349880:SNP	1.541e-12	0.0009347	cg19473623	0.0710413	0.3847	0.0098496
0.013365	False	37.9506712	29	1.935e-07	21893	0.0695705	0.029	0.09934	26.2	rs2024258	3.329e-09	+-+---??-?-?------------??-------?--	True	C	T	0.0120024	chr7:7350080:SNP	1.722e-12	0.0010207	cg19473623	0.0709884	0.3837	0.0098607
0.0231999	False	50.2381371	29	8.43e-05	22845	-0.0912184	0.0251	0.006083	44.3	rs13247433	1.579e-07	-++++-?++++?+-+++++-+++-????+++++?++	True	G	A	0.0182236	chr7:7340947:SNP	1.731e-12	0.0039115	cg19473623	-0.0955483	0.1564	0.0129304
0.0130001	False	36.9447412	29	1.117e-07	21896	0.0689867	0.0284	0.1201	24.2	rs9648604	2.611e-09	+-+---??-?-?------------??-------?--	True	G	A	0.0118063	chr7:7349846:SNP	2.526e-12	0.000916	cg19473623	0.0702989	0.385	0.0098526
0.0240359	False	51.5350153	29	0.0001586	22863	-0.0907865	0.0237	0.004338	45.7	rs35502662	2.387e-07	+-----?----?-+-----+---+????-----?--	True	A	G	0.0186597	chr7:7336227:SNP	3.603e-12	0.0042237	cg19473623	-0.0964033	0.152	0.0130592
0.0229548	False	50.0661206	29	0.0001103	22858	-0.0887601	0.0248	0.006358	44.1	rs7795802	2.913e-07	-++++-?++++?+-+++++-+++-????+++++?++	True	C	T	0.0180624	chr7:7341295:SNP	4.711e-12	0.0038257	cg19473623	-0.0926417	0.1586	0.0128377
0.0233664	False	50.9798487	29	0.0001477	22843	-0.0886734	0.0248	0.005018	45.1	rs7795639	3.741e-07	-++++-?++++?+-+++++-+++-????+++++?++	True	C	T	0.0182245	chr7:7341159:SNP	4.866e-12	0.0039814	cg19473623	-0.0926114	0.1587	0.0128337
0.0132479	False	32.4932347	26	1.824e-07	20333	0.0691063	0.0297	0.1442	23.1	chr7:7351351:D	5.754e-09	-+++?+??+?+?+++?+++++++-??+++++?+?-+	True	D	I	0.0121189	chr7:7351351:INDEL	1.202e-11	0.0008265	cg19473623	0.0705777	0.3941	0.0101928
0.0141632	False	33.7664904	29	2.005e-08	22436	-0.0794774	0.0244	0.2087	17.1	rs61465425	1.235e-09	------??---?-+-----?----??-----+-?++	True	T	C	0.0133583	chr7:7183569:SNP	1.313e-11	0.0008398	cg19473623	-0.08116	0.2043	0.0117445
0.0155352	False	51.4813725	31	8.088e-05	24156	0.0612363	0.0238	0.008658	41.7	rs1796119	1.149e-06	-+++-+?++++?+-+++++-+++-??+++++++?++	True	A	C	0.0124845	chr7:7315815:SNP	1.34e-11	0.0018482	cg19473623	0.0607265	0.4969	0.0090529
0.0140253	False	34.4027707	26	1.085e-06	20332	0.0683813	0.0292	0.09958	27.3	chr7:7351393:I	1.938e-08	+-+-?-??-?-?---?-------+??-----?-?+-	True	I	D	0.0125285	chr7:7351393:INDEL	1.955e-11	0.001037	cg19473623	0.0703781	0.3936	0.010192
0.0270719	False	51.9404095	27	0.0008392	20622	-0.0904079	0.0249	0.001831	49.9	rs7786530	3.325e-06	-++++-??+?+?+-+++++-+++-????+++++?++	True	C	A	0.0202276	chr7:7340116:SNP	2.533e-11	0.0050362	cg19473623	-0.0940518	0.1576	0.0135515
0.01554	False	40.3366405	27	2.184e-05	20699	0.0659705	0.0379	0.03614	35.5	rs10270043	7.424e-07	----+-??-?-?-------+-?--+??----?-?--	True	G	A	0.0131561	chr7:7267330:SNP	4.517e-11	0.0015248	cg19473623	0.0651215	0.42	0.0100167
0.0118924	False	31.5489148	30	1.525e-09	23324	-0.0718511	0.0195	0.34	8.1	rs2347888	5.222e-10	++++++??+++?+-++++-+++++??+++++-+?-+	True	C	T	0.0116091	chr7:7194395:SNP	4.938e-11	0.0003206	cg19473623	-0.0721193	0.2344	0.0109316
0.0126087	False	12.3909935	17	1.461e-10	13668	-0.0808141	0.0227	0.7167	0.0	chr7:7266026:D	1.461e-10	?--??-????-??--?----??--???-?--???--	True	D	I	0.0126087	chr7:7266026:INDEL	1.461e-10	0.0	cg19473623	-0.0808141	0.367	0.0126087
0.0185712	False	24.298457	17	3.686e-05	13668	-0.0766315	0.0253	0.08319	34.2	rs3929095	8.5e-07	?++??+????+??++?+-++??++???+?++???++	True	G	A	0.0160678	chr7:7203742:SNP	3.692e-10	0.0013698	cg19473623	-0.0791103	0.4377	0.0122287
0.0156776	False	36.0616511	29	4.462e-06	21892	-0.0719386	0.0226	0.141	22.4	rs2881754	2.851e-07	------??-?-?-+----+-----??-----++?++	True	A	G	0.0144281	chr7:7191181:SNP	3.426e-09	0.0012628	cg19473623	-0.0740598	0.1907	0.0121728
0.012614	False	25.2814059	26	2.422e-08	19718	-0.0703704	0.0276	0.4467	1.1	rs13438509	2.213e-08	------??-?-?-+--+-+?----????---+-?++	True	A	C	0.0125836	chr7:7176307:SNP	1.685e-08	4.66e-05	cg19473623	-0.070399	0.2043	0.0124736
