lead_rsid	lead_gene	cpg	snp	rsid	beta_a1	se_are	pval_mre	pval_are	direction	num_studies	cistrans
rs13226913	C1GALT1	cg04827551	chr7:7246846:SNP	rs13226913	-0.3425541	0.0232341	2.014e-09	1.7e-45	++++++++++++++++++??+?+++?++++++++++	32	True
rs13226913	C1GALT1	cg16101574	chr7:7246846:SNP	rs13226913	0.4223292	0.0101485	1.34e-321	0.0	---------?---------?-------?--------	33	True
rs13226913	C1GALT1	cg19603390	chr7:7246846:SNP	rs13226913	0.1976938	0.025208	0.00259	8.753e-14	------?----?---+-----+---?-------?--	32	True
rs13226913	C1GALT1	cg17994788	chr7:7246846:SNP	rs13226913	0.1424629	0.0132964	2.446e-14	8.163e-24	------------------+-----------------	36	True
rs13226913	C1GALT1	cg19473623	chr7:7246846:SNP	rs13226913	0.1366417	0.0120059	2.177e-21	1.04e-30	------?----?-------------?-------?--	32	True
rs10238682	C1GALT1	cg04827551	chr7:7255017:SNP	rs10238682	0.1271278	0.011251	1.324e-29	1.324e-29	------------------??-?---?----------	32	True
rs10238682	C1GALT1	cg16101574	chr7:7255017:SNP	rs10238682	0.9093313	0.0174768	4.75e-222	0.0	---------?---------?-------?--------	33	True
rs10238682	C1GALT1	cg19473623	chr7:7255017:SNP	rs10238682	0.1964949	0.0168316	2.915e-18	1.846e-31	------?----?-------------?-------?--	32	True
rs10238682	C1GALT1	cg19603390	chr7:7255017:SNP	rs10238682	-0.1239235	0.0157325	3.142e-10	2.091e-15	++++++?-+++?+++++++++++++?+++--++?-+	32	True
rs10238682	C1GALT1	cg06690825	chr7:7255017:SNP	rs10238682	-0.052366	0.0160894	0.01693	0.0006778	++--+++++++++----+++-?+++++--++++--+	35	True
rs5910940	C1GALT1C1	cg11816360	chr23:119758810:SNP	rs5910940	-0.0846402	0.0347182	0.3136	0.002206	+???+????+??+?-??????+????????+?????	7	True
