cpg	qtd	context	n_shared	mqtl_top	eqtl_top	eqtl_top_P	PPH0	PPH1	PPH2	PPH3	PPH4	note
cg19603390	QTD000356	GTEx_v10_blood	409		rs10256877	2.45505e-23	9.47197058095966e-39	2.9277716630247278e-18	3.235214924914584e-21	0.9999999999999998	3.2493602717154675e-16	OK
cg19603390	QTD000261	GTEx_v10_kidney_cortex	401		rs10257835	7.82565e-12	2.3597160724080484e-29	7.2938463971456715e-09	3.2352148998698154e-21	0.9999999922582382	4.4791537589089437e-10	OK
cg19603390	QTD000608	OneK1K_B_naive	426		rs57552003	6.47527e-06	6.753433257099582e-22	0.20874759216430847	2.5402594608573505e-21	0.7851842576283491	0.006068150207342442	OK
cg19603390	QTD000607	OneK1K_B_memory	426		rs6463670	0.00112302	2.9717974941208235e-21	0.9185780738197055	1.9949387233718142e-22	0.06164347328375431	0.019778452896540368	OK
cg19603390	QTD000606	OneK1K_B_intermediate	426		rs1796118	0.0469311	3.1020224694767656e-21	0.9588304151257099	6.597521489987855e-23	0.020372040777647826	0.02079754409664237	OK
cg19473623	QTD000356	GTEx_v10_blood	230		rs10256877	2.45505e-23	4.2762065717855325e-43	3.617215668427824e-18	1.1821818115822025e-25	1.0	2.848461332236311e-17	OK
cg19473623	QTD000261	GTEx_v10_kidney_cortex	230		rs75439000	3.78704e-12	1.4468836070720752e-34	1.2239095483423168e-09	1.1821818064471098e-25	0.9999999956531318	3.122958522232962e-09	OK
cg19473623	QTD000608	OneK1K_B_naive	235		rs57552003	6.47527e-06	1.898772267657774e-26	0.1606159263368266	9.688296240884364e-26	0.8195068779927077	0.0198771956704657	OK
cg19473623	QTD000607	OneK1K_B_memory	235		rs1796119	0.00309548	1.1073584551475493e-25	0.9367074034625487	3.337478244496095e-27	0.0281964178896503	0.035096178647801	OK
cg19473623	QTD000606	OneK1K_B_intermediate	235		rs1796118	0.0469311	1.1335777452791383e-25	0.9588861325503393	1.1387937987387771e-27	0.009601471190376337	0.03151239625928416	OK
cg17994788	QTD000356	GTEx_v10_blood	161		rs35362940	1.64471e-21	1.0426157143113999e-25	2.596540466201393e-16	1.5406938980407438e-10	0.38307900813923884	0.6169209917066915	OK
cg17994788	QTD000261	GTEx_v10_kidney_cortex	161		rs10952042	7.96363e-07	1.4031961864928383e-12	0.0034945336332806646	1.2452215778055403e-11	0.03004466027888542	0.9664608060739784	OK
cg17994788	QTD000608	OneK1K_B_naive	168		rs57552003	6.47527e-06	1.805843954696735e-11	0.04497294244246529	6.584348328582607e-11	0.16318551521236263	0.7918415422612701	OK
cg17994788	QTD000607	OneK1K_B_memory	168		rs6463670	0.00112302	1.7301520265324412e-10	0.4308790208787736	6.707554778542511e-12	0.016151601036415907	0.5529693779050877	OK
cg17994788	QTD000606	OneK1K_B_intermediate	168		rs1796118	0.0469311	3.665702214205207e-10	0.912910632515608	3.394467184277577e-12	0.008374905071600039	0.07871446204282705	OK
cg04827551	QTD000356	GTEx_v10_blood	403		rs10256877	2.45505e-23	1.467864667852981e-60	2.9224893556905883e-18	5.022651887490428e-43	1.0	6.80368422746809e-19	OK
cg04827551	QTD000261	GTEx_v10_kidney_cortex	397		rs10238682	2.99947e-11	2.7631367317971786e-50	5.50135027012159e-08	5.022651543928899e-43	0.9999999315841963	1.340230111551189e-08	OK
cg04827551	QTD000608	OneK1K_B_naive	420		rs57552003	6.47527e-06	1.024804121458645e-43	0.20403646209506737	3.967891390808701e-43	0.7899933129607731	0.005970224944159544	OK
cg04827551	QTD000607	OneK1K_B_memory	420		rs6463670	0.00112302	3.05247407727307e-43	0.6077415169615277	1.8266250826157516e-44	0.03601149506409256	0.35624698797437965	OK
cg04827551	QTD000606	OneK1K_B_intermediate	420		rs1796118	0.0469311	4.370312546062821e-43	0.8701205347214521	8.355773538169748e-45	0.01652282226275528	0.11335664301579265	OK
cg16101574	QTD000356	GTEx_v10_blood	696		rs10256877	2.45505e-23	0.0	2.922489346042054e-18	0.0	0.9999999966952677	3.3047322757991643e-09	OK
cg16101574	QTD000261	GTEx_v10_kidney_cortex	669		rs4476914	3.78704e-12	0.0	1.22390952228532e-09	0.0	0.9999999811104122	1.7665678179650272e-08	OK
cg16101574	QTD000608	OneK1K_B_naive	723		rs57552003	6.47527e-06	0.0	0.027048364801718777	0.0	0.15010245675647244	0.8228491784418087	OK
cg16101574	QTD000607	OneK1K_B_memory	723		rs6463670	0.00112302	0.0	0.7930201748238819	0.0	0.06836251039918874	0.13861731477692932	OK
cg16101574	QTD000606	OneK1K_B_intermediate	723		rs9655506	0.0262388	0.0	0.9336370750956245	0.0	0.032068354176562924	0.03429457072781242	OK
