cpg	method	instrument	gene	b_mqtl	se_mqtl	b_igan	se_igan	mr_beta	mr_se	mr_p
cg19603390	Wald_lead	rs13226913	C1GALT1	0.1976938	0.0656209	0.0127	0.0118	0.06424076020593462	0.05968826538819123	0.28180599102940973
cg19603390	Wald_lead	rs10238682	C1GALT1	-0.1239235	0.0196967	0.0181	0.0148	-0.14605785020597384	0.1194285184004648	0.22133990456410002
cg19603390	Wald_topcis	rs1299548		-0.099272	0.0090922	-0.0052	0.0117	0.052381336127004595	0.11785800628576033	0.6567212865637704
cg19603390	IVW_clumped									
cg19473623	Wald_lead	rs13226913	C1GALT1	0.1366417	0.0143891	0.0127	0.0118	0.0929438085152629	0.08635723940788206	0.28180599102940973
cg19473623	Wald_lead	rs10238682	C1GALT1	0.1964949	0.0225475	0.0181	0.0148	0.09211435004165504	0.0753200210285356	0.22133990456410002
cg19473623	Wald_topcis	rs13245879		0.195561	0.0165782	0.0047	0.0205	0.02403342179677952	0.10482662698595323	0.8186603959292591
cg19473623	IVW_clumped									
cg17994788	Wald_lead	rs13226913	C1GALT1	0.1424629	0.0186844	0.0127	0.0118	0.08914601626107568	0.08282858203784985	0.28180599102940973
cg17994788	Wald_topcis	rs10952048		0.0874455	0.0107181	0.0185	0.0129	0.21156034329954085	0.14752045559805824	0.15154129489284696
cg17994788	IVW_clumped									
cg04827551	Wald_lead	rs13226913	C1GALT1	-0.3425541	0.0571241	0.0127	0.0118	-0.037074435833639126	0.034447113609208005	0.28180599102940973
cg04827551	Wald_lead	rs10238682	C1GALT1	0.1271278	0.011251	0.0181	0.0148	0.14237641176831503	0.11641828144591505	0.22133990456410002
cg04827551	Wald_topcis	rs1541457		-0.222849	0.0150371	0.0018	0.0137	-0.008077218206049836	0.06147660523493487	0.8954692817158052
cg04827551	IVW_clumped_3	rs974583;rs57552003;rs6954795						-0.057375281338159265	0.03096732938255008	0.06391559825466442
cg16101574	Wald_lead	rs13226913	C1GALT1	0.4223292	0.0110155	0.0127	0.0118	0.030071328243465048	0.027940289234085636	0.28180599102940973
cg16101574	Wald_lead	rs10238682	C1GALT1	0.9093313	0.0285866	0.0181	0.0148	0.019904736590503375	0.01627569621764917	0.22133990456410002
cg16101574	Wald_topcis	rs12702584		0.6876334	0.017651	0.0158	0.0146	0.022977359738488565	0.0212322438089831	0.27916731988398036
cg16101574	IVW_clumped									
