lead	gene	cpg	context	mqtl_beta_on_eQTLalt	mqtl_P	eqtl_beta	eqtl_se	eqtl_P	sign_consistent
rs13226913	C1GALT1	cg19603390	GTEx_v10_blood	0.1976938	0.00259	0.308582	0.04396	5.57541e-12	True
rs13226913	C1GALT1	cg19603390	GTEx_v10_kidney_cortex	0.1976938	0.00259	0.558417	0.119872	1.9062e-05	True
rs13226913	C1GALT1	cg19603390	OneK1K_B_naive	0.1976938	0.00259	0.173861	0.0390239	9.35888e-06	True
rs13226913	C1GALT1	cg19603390	OneK1K_B_memory	0.1976938	0.00259	0.0811529	0.042422	0.056044	True
rs13226913	C1GALT1	cg19603390	OneK1K_B_intermediate	0.1976938	0.00259	0.0353281	0.0419633	0.400064	True
rs10238682	C1GALT1	cg19603390	GTEx_v10_blood	-0.1239235	3.142e-10	0.0369405	0.0552691	0.50413	False
rs10238682	C1GALT1	cg19603390	GTEx_v10_kidney_cortex	-0.1239235	3.142e-10	0.880639	0.10759	2.99947e-11	False
rs10238682	C1GALT1	cg19603390	OneK1K_B_naive	-0.1239235	3.142e-10	0.185475	0.047928	0.00011621	False
rs10238682	C1GALT1	cg19603390	OneK1K_B_memory	-0.1239235	3.142e-10	0.0711177	0.0520736	0.172346	False
rs10238682	C1GALT1	cg19603390	OneK1K_B_intermediate	-0.1239235	3.142e-10	0.0160543	0.0515513	0.755546	False
rs13226913	C1GALT1	cg19473623	GTEx_v10_blood	0.1366417	2.177e-21	0.308582	0.04396	5.57541e-12	True
rs13226913	C1GALT1	cg19473623	GTEx_v10_kidney_cortex	0.1366417	2.177e-21	0.558417	0.119872	1.9062e-05	True
rs13226913	C1GALT1	cg19473623	OneK1K_B_naive	0.1366417	2.177e-21	0.173861	0.0390239	9.35888e-06	True
rs13226913	C1GALT1	cg19473623	OneK1K_B_memory	0.1366417	2.177e-21	0.0811529	0.042422	0.056044	True
rs13226913	C1GALT1	cg19473623	OneK1K_B_intermediate	0.1366417	2.177e-21	0.0353281	0.0419633	0.400064	True
rs10238682	C1GALT1	cg19473623	GTEx_v10_blood	0.1964949	2.915e-18	0.0369405	0.0552691	0.50413	True
rs10238682	C1GALT1	cg19473623	GTEx_v10_kidney_cortex	0.1964949	2.915e-18	0.880639	0.10759	2.99947e-11	True
rs10238682	C1GALT1	cg19473623	OneK1K_B_naive	0.1964949	2.915e-18	0.185475	0.047928	0.00011621	True
rs10238682	C1GALT1	cg19473623	OneK1K_B_memory	0.1964949	2.915e-18	0.0711177	0.0520736	0.172346	True
rs10238682	C1GALT1	cg19473623	OneK1K_B_intermediate	0.1964949	2.915e-18	0.0160543	0.0515513	0.755546	True
rs13226913	C1GALT1	cg17994788	GTEx_v10_blood	0.1424629	2.446e-14	0.308582	0.04396	5.57541e-12	True
rs13226913	C1GALT1	cg17994788	GTEx_v10_kidney_cortex	0.1424629	2.446e-14	0.558417	0.119872	1.9062e-05	True
rs13226913	C1GALT1	cg17994788	OneK1K_B_naive	0.1424629	2.446e-14	0.173861	0.0390239	9.35888e-06	True
rs13226913	C1GALT1	cg17994788	OneK1K_B_memory	0.1424629	2.446e-14	0.0811529	0.042422	0.056044	True
rs13226913	C1GALT1	cg17994788	OneK1K_B_intermediate	0.1424629	2.446e-14	0.0353281	0.0419633	0.400064	True
rs13226913	C1GALT1	cg04827551	GTEx_v10_blood	-0.3425541	2.014e-09	0.308582	0.04396	5.57541e-12	False
rs13226913	C1GALT1	cg04827551	GTEx_v10_kidney_cortex	-0.3425541	2.014e-09	0.558417	0.119872	1.9062e-05	False
rs13226913	C1GALT1	cg04827551	OneK1K_B_naive	-0.3425541	2.014e-09	0.173861	0.0390239	9.35888e-06	False
rs13226913	C1GALT1	cg04827551	OneK1K_B_memory	-0.3425541	2.014e-09	0.0811529	0.042422	0.056044	False
rs13226913	C1GALT1	cg04827551	OneK1K_B_intermediate	-0.3425541	2.014e-09	0.0353281	0.0419633	0.400064	False
rs10238682	C1GALT1	cg04827551	GTEx_v10_blood	0.1271278	1.324e-29	0.0369405	0.0552691	0.50413	True
rs10238682	C1GALT1	cg04827551	GTEx_v10_kidney_cortex	0.1271278	1.324e-29	0.880639	0.10759	2.99947e-11	True
rs10238682	C1GALT1	cg04827551	OneK1K_B_naive	0.1271278	1.324e-29	0.185475	0.047928	0.00011621	True
rs10238682	C1GALT1	cg04827551	OneK1K_B_memory	0.1271278	1.324e-29	0.0711177	0.0520736	0.172346	True
rs10238682	C1GALT1	cg04827551	OneK1K_B_intermediate	0.1271278	1.324e-29	0.0160543	0.0515513	0.755546	True
rs13226913	C1GALT1	cg16101574	GTEx_v10_blood	0.4223292	1.34e-321	0.308582	0.04396	5.57541e-12	True
rs13226913	C1GALT1	cg16101574	GTEx_v10_kidney_cortex	0.4223292	1.34e-321	0.558417	0.119872	1.9062e-05	True
rs13226913	C1GALT1	cg16101574	OneK1K_B_naive	0.4223292	1.34e-321	0.173861	0.0390239	9.35888e-06	True
rs13226913	C1GALT1	cg16101574	OneK1K_B_memory	0.4223292	1.34e-321	0.0811529	0.042422	0.056044	True
rs13226913	C1GALT1	cg16101574	OneK1K_B_intermediate	0.4223292	1.34e-321	0.0353281	0.0419633	0.400064	True
rs10238682	C1GALT1	cg16101574	GTEx_v10_blood	0.9093313	4.75e-222	0.0369405	0.0552691	0.50413	True
rs10238682	C1GALT1	cg16101574	GTEx_v10_kidney_cortex	0.9093313	4.75e-222	0.880639	0.10759	2.99947e-11	True
rs10238682	C1GALT1	cg16101574	OneK1K_B_naive	0.9093313	4.75e-222	0.185475	0.047928	0.00011621	True
rs10238682	C1GALT1	cg16101574	OneK1K_B_memory	0.9093313	4.75e-222	0.0711177	0.0520736	0.172346	True
rs10238682	C1GALT1	cg16101574	OneK1K_B_intermediate	0.9093313	4.75e-222	0.0160543	0.0515513	0.755546	True
