gene	qtd	context	n_SNP	PPH0	PPH1	PPH2	PPH3	PPH4	note
C1GALT1	QTD000356	GTEx_v10_blood	5205	2.5144003738872203e-18	0.8654914219063223	3.6880441148487117e-19	0.12694001616495898	0.007568561928718749	OK (aligned 5205 same/0 flip)
C1GALT1	QTD000261	GTEx_v10_kidney_cortex	4186	1.0568586147187962e-09	0.908606288374152	9.373336130987638e-11	0.08057396267293906	0.01081974780231695	OK (aligned 4186 same/0 flip)
C1GALT1	QTD000608	OneK1K_B_naive	4049	0.11786296996265962	0.7924009316758568	0.0102151089070951	0.06866603158008523	0.010854957874303323	OK (aligned 4049 same/0 flip)
C1GALT1	QTD000607	OneK1K_B_memory	4098	0.6563664459901359	0.25649886362355406	0.05809161791016212	0.022695047012384076	0.0063480254637637845	OK (aligned 4098 same/0 flip)
C1GALT1	QTD000606	OneK1K_B_intermediate	4072	0.7374123982883388	0.17744603272402656	0.06466140030143465	0.01555476545700406	0.004925403229195835	OK (aligned 4072 same/0 flip)
C1GALT1C1	QTD000356	GTEx_v10_blood	0						IgAN GWAS 不含该染色体, coloc 不可行
C1GALT1C1	QTD000261	GTEx_v10_kidney_cortex	0						IgAN GWAS 不含该染色体, coloc 不可行
C1GALT1C1	QTD000608	OneK1K_B_naive	0						该语境无此基因 cis-eQTL; 且 IgAN GWAS 不含 X 染色体, coloc 物理不可行
C1GALT1C1	QTD000607	OneK1K_B_memory	0						该语境无此基因 cis-eQTL; 且 IgAN GWAS 不含 X 染色体, coloc 物理不可行
C1GALT1C1	QTD000606	OneK1K_B_intermediate	0						该语境无此基因 cis-eQTL; 且 IgAN GWAS 不含 X 染色体, coloc 物理不可行
GALNT12	QTD000356	GTEx_v10_blood	3616	0.7083458114593472	0.1962424869808665	0.07073211933516026	0.01959077352747184	0.005088808697154254	OK (aligned 3616 same/0 flip)
GALNT12	QTD000261	GTEx_v10_kidney_cortex	2776	0.7011792911917202	0.23907012539087996	0.04122858095437115	0.01405259437326845	0.004469408089760121	OK (aligned 2776 same/0 flip)
GALNT12	QTD000608	OneK1K_B_naive	0						该语境无此基因 cis-eQTL (region_cache 缺/未收录)
GALNT12	QTD000607	OneK1K_B_memory	0						该语境无此基因 cis-eQTL (region_cache 缺/未收录)
GALNT12	QTD000606	OneK1K_B_intermediate	0						该语境无此基因 cis-eQTL (region_cache 缺/未收录)
GALNT2	QTD000356	GTEx_v10_blood	4465	0.6593126853079901	0.21266521783672526	0.09136140735499253	0.02946196519439389	0.007198724305898262	OK (aligned 4465 same/0 flip)
GALNT2	QTD000261	GTEx_v10_kidney_cortex	3499	0.691565567682697	0.2221179102553995	0.06152457087258992	0.019755503622945023	0.0050364475663685765	OK (aligned 3499 same/0 flip)
GALNT2	QTD000608	OneK1K_B_naive	4340	0.00010544216691794466	0.8910652963341044	1.2135466142765958e-05	0.10254750987009645	0.0062696161627384455	OK (aligned 4340 same/0 flip)
GALNT2	QTD000607	OneK1K_B_memory	4324	0.6558908376100223	0.23311678794082286	0.07525972865257843	0.0267398275627858	0.008992818233790603	OK (aligned 4324 same/0 flip)
GALNT2	QTD000606	OneK1K_B_intermediate	4320	0.6153073189399879	0.275721378627599	0.07059158498312927	0.03162558393876594	0.00675413351051793	OK (aligned 4320 same/0 flip)
ST6GALNAC2	QTD000356	GTEx_v10_blood	4129	2.0748339285096713e-17	0.8496767036443446	2.9194673282106576e-18	0.11952592192469783	0.0307973744309578	OK (aligned 4129 same/0 flip)
ST6GALNAC2	QTD000261	GTEx_v10_kidney_cortex	3273	0.6313982114751014	0.28883306982853885	0.049628605342064445	0.022695157255536964	0.007444956098758136	OK (aligned 3273 same/0 flip)
ST6GALNAC2	QTD000608	OneK1K_B_naive	0						该语境无此基因 cis-eQTL (region_cache 缺/未收录)
ST6GALNAC2	QTD000607	OneK1K_B_memory	0						该语境无此基因 cis-eQTL (region_cache 缺/未收录)
ST6GALNAC2	QTD000606	OneK1K_B_intermediate	0						该语境无此基因 cis-eQTL (region_cache 缺/未收录)
