gene	dataset	cis_eQTL_variant(chr:pos)	eQTL_beta	exact_hit	locus_minP_SNP	locus_minP_P	locus_minP_beta	locus_minP_SE	locus_minP_EAF
C1GALT1	OneK1K_B_naive	7:7183473	0.1811	NO(参考面板SNP差异)	7:7237401(rs74544948)	0.000557	0.2093	0.0606	0.0112224299855924
GALNT2	OneK1K_B_naive	1:230279547	0.2841	NO(参考面板SNP差异)	1:230286437(rs141845144)	0.000107	0.7066	0.1824	0.00138560038996947
C1GALT1	GTEx_v10_blood	7:7223408	-0.5073	NO(参考面板SNP差异)	7:7237401(rs74544948)	0.000557	0.2093	0.0606	0.0112224299855924
C1GALT1	GTEx_v10_kidney_cortex	7:7182144	0.9444	NO(参考面板SNP差异)	7:7237401(rs74544948)	0.000557	0.2093	0.0606	0.0112224299855924
GALNT12	GTEx_v10_blood	9:99691091	0.5277	NO(参考面板SNP差异)	9:99458401(rs187211065)	9.44e-06	0.5839	0.1318	0.00237208980553338
GALNT12	GTEx_v10_kidney_cortex	9:99315366	0.4449	NO(参考面板SNP差异)	9:99458401(rs187211065)	9.44e-06	0.5839	0.1318	0.00237208980553338
ST6GALNAC2	GTEx_v10_blood	17:76575845	0.2111	NO(参考面板SNP差异)	17:76631065(rs1171107185)	0.000128	2.1499	0.5614	0.01343
ST6GALNAC2	GTEx_v10_kidney_cortex	17:76566488	-0.5707	NO(参考面板SNP差异)	17:76631065(rs1171107185)	0.000128	2.1499	0.5614	0.01343
GALNT2	GTEx_v10_blood	1:230529311	0.096	NO(参考面板SNP差异)	1:230286437(rs141845144)	0.000107	0.7066	0.1824	0.00138560038996947
GALNT2	GTEx_v10_kidney_cortex	1:231049260	-0.3746	NO(参考面板SNP差异)	1:230286437(rs141845144)	0.000107	0.7066	0.1824	0.00138560038996947
