gene	dataset	chr	pos	eQTL_beta(来自M2a)	IgAN_EA	IgAN_OA	IgAN_beta	IgAN_SE	IgAN_EAF	IgAN_P
C1GALT1	OneK1K_B_naive	7	7183473	0.1811	NA	NA	NA	NA	NA	NOT_FOUND
GALNT2	OneK1K_B_naive	1	230279547	0.2841	NA	NA	NA	NA	NA	NOT_FOUND
C1GALT1	GTEx_v10_blood	7	7223408	-0.5073	NA	NA	NA	NA	NA	NOT_FOUND
C1GALT1	GTEx_v10_kidney_cortex	7	7182144	0.9444	NA	NA	NA	NA	NA	NOT_FOUND
GALNT12	GTEx_v10_blood	9	99691091	0.5277	NA	NA	NA	NA	NA	NOT_FOUND
GALNT12	GTEx_v10_kidney_cortex	9	99315366	0.4449	NA	NA	NA	NA	NA	NOT_FOUND
ST6GALNAC2	GTEx_v10_blood	17	76575845	0.2111	NA	NA	NA	NA	NA	NOT_FOUND
ST6GALNAC2	GTEx_v10_kidney_cortex	17	76566488	-0.5707	NA	NA	NA	NA	NA	NOT_FOUND
GALNT2	GTEx_v10_blood	1	230529311	0.096	NA	NA	NA	NA	NA	NOT_FOUND
GALNT2	GTEx_v10_kidney_cortex	1	231049260	-0.3746	NA	NA	NA	NA	NA	NOT_FOUND
